time,x,z,rotY,speed
0.0000,11.4919,20.0382,269.7370,0.0000
0.1280,11.4919,20.0382,269.7370,0.0000
0.2603,11.4919,20.0382,269.7369,0.0000
0.3877,11.4919,20.0382,269.7369,0.0000
0.5145,11.4919,20.0382,269.7370,0.0000
0.6520,11.4919,20.0382,269.7370,0.0000
0.7821,11.4919,20.0382,269.7370,0.0000
0.9116,11.4919,20.0382,269.7370,0.0000
1.0454,11.4919,20.0382,269.7370,0.0000
1.4209,11.4919,20.0382,269.7370,0.0000
1.5441,11.4919,20.0382,269.7370,0.0000
1.6723,11.4919,20.0382,269.7369,0.0000
1.8108,11.4919,20.0382,269.7370,0.0000
1.9504,11.4919,20.0382,269.7370,0.0000
2.2313,11.4919,20.0382,269.7370,0.0000
2.3500,11.4919,20.0382,269.7370,0.0000
2.4915,11.4919,20.0382,269.7370,0.0000
2.6185,11.4919,20.0382,269.7370,0.0000
3.0373,11.4919,20.0382,269.7370,0.0000
3.1670,11.4919,20.0382,269.7370,0.0000
3.2944,11.4919,20.0382,269.7370,0.0000
3.4215,11.4919,20.0382,269.7370,0.0000
3.5486,11.4919,20.0382,269.7370,0.0000
3.8819,11.4919,20.0382,269.7370,0.0000
3.9840,11.4919,20.0382,269.7370,0.0000
4.1120,11.4919,20.0382,269.7370,0.0000
4.2396,11.4918,20.0398,269.7345,0.0123
4.3651,11.4917,20.0638,269.7243,0.1918
4.6985,11.4906,20.1213,269.6700,0.1724
4.8316,11.4905,20.1708,269.6435,0.3715
4.9659,11.4897,20.2350,269.5887,0.4827
5.0961,11.4885,20.3113,269.5627,0.5862
5.5174,11.4866,20.6859,269.5602,0.8894
5.6553,11.4838,20.8411,269.5349,1.1264
5.7898,11.4836,21.0175,269.5217,1.3109
5.9220,11.4829,21.1927,269.5284,1.3278
6.3436,11.4784,21.8733,269.5576,1.6145
6.4487,11.4781,22.0710,269.5555,1.8807
6.5717,11.4757,22.2666,269.5686,1.5908
6.6994,11.4751,22.4632,269.5421,1.5399
6.8281,11.4734,22.6934,269.5697,1.7880
7.2026,11.4690,23.2830,269.5622,1.5743
7.3443,11.4671,23.5356,269.5729,1.7828
7.4749,11.4658,23.7934,269.5591,1.9743
7.6013,11.4643,24.0152,269.5284,1.7548
7.9765,11.4594,24.7165,269.5105,1.8692
8.1178,11.4567,24.9744,269.4843,1.8258
8.2449,11.4536,25.2329,269.4780,2.0332
8.3722,11.4529,25.4557,269.4805,1.7503
8.7900,11.4464,26.2314,269.4650,1.8566
8.9095,11.4432,26.4518,269.5335,1.8452
9.0354,11.4439,26.6725,269.5242,1.7531
9.1620,11.4405,26.8939,269.5597,1.7490
9.2847,11.4397,27.1151,269.5542,1.8027
9.6180,11.4358,27.7426,269.5433,1.8826
9.7310,11.4343,27.9640,269.5328,1.9594
9.8565,11.4322,28.1853,269.5643,1.7644
9.9881,11.4290,28.4429,269.6005,1.9570
10.4043,11.4229,29.1709,269.5262,1.7492
10.5407,11.4135,29.4274,269.2680,1.8825
10.6662,11.4004,29.6770,269.3227,2.0001
10.7918,11.3992,29.8916,268.8300,1.7103
10.9187,11.4022,30.1060,268.8644,1.6916
11.2520,11.3858,30.1571,269.4413,0.1622
11.3691,11.3916,30.1503,269.4211,0.0930
11.4999,11.3899,30.1495,269.4438,0.0225
11.6254,11.3899,30.1490,269.4437,0.0047
12.0429,11.3900,30.1474,269.4449,0.0037
12.1809,11.3901,30.1469,269.4456,0.0040
12.3084,11.3902,30.1464,269.4442,0.0039
12.4370,11.3902,30.1462,269.4437,0.0016
12.8550,11.3903,30.1456,269.4423,0.0016
12.9943,11.3903,30.1453,269.4467,0.0019
13.1196,11.3904,30.1450,269.4467,0.0021
13.2462,11.3904,30.1448,269.4464,0.0023
13.6626,11.3905,30.1439,269.4428,0.0021
13.7779,11.3905,30.1436,269.4427,0.0025
13.9046,11.3906,30.1433,269.4423,0.0024
14.0307,11.3829,30.1589,269.9872,0.1461
14.1603,11.3097,30.2909,273.3252,1.1667
14.4936,11.3572,30.6347,296.9107,1.0442
14.6061,11.3690,30.7052,301.5479,0.6411
14.7367,11.3689,30.7058,301.5557,0.0067
14.8661,11.3692,30.7062,301.5550,0.0043
15.2854,11.3701,30.7077,301.5564,0.0041
15.4066,11.3704,30.7082,301.5570,0.0046
15.5365,11.3706,30.7087,301.5571,0.0044
15.6669,11.3710,30.7093,301.5579,0.0052
16.0877,11.3722,30.7112,301.5601,0.0055
16.2165,11.3726,30.7120,301.5604,0.0067
16.3465,11.3730,30.7127,301.5594,0.0066
16.4775,11.3734,30.7134,301.5598,0.0061
16.8973,11.3745,30.7153,301.5617,0.0052
17.0246,11.3746,30.7155,301.5626,0.0021
17.1564,11.3749,30.7159,301.5627,0.0031
17.2864,11.3751,30.7162,301.5628,0.0033
17.7064,11.3758,30.7174,301.5603,0.0033
17.8497,11.4703,30.8782,302.3140,1.3024
17.9809,11.5934,31.0523,302.8734,1.6262
18.1110,11.7228,31.2849,302.6201,2.0669
18.5315,12.1231,31.9413,302.4145,1.8283
18.6528,12.2418,32.1225,302.0236,1.7912
18.7849,12.3583,32.2818,301.2745,1.4947
18.9172,12.5323,32.4922,300.2007,2.0666
19.3377,12.9335,33.1370,301.5298,1.8061
19.4776,13.0522,33.3378,302.5305,1.6861
19.6082,13.2002,33.5641,303.0002,2.0738
19.7425,13.3218,33.7884,302.8840,1.9117
20.1648,13.6895,34.4801,303.1639,1.8554
20.2868,13.8275,34.6761,303.3482,1.9668
20.4204,13.9642,34.8101,302.4586,1.4362
20.5504,14.0733,35.0616,302.4752,2.1086
20.9716,14.4760,35.6820,299.1490,1.7592
21.0852,14.6087,35.8787,299.3203,2.0891
21.2149,14.6759,36.0812,299.7823,1.6452
21.3437,14.7797,36.2770,300.3784,1.7232
21.4745,14.9195,36.4615,300.3642,1.7724
21.8078,15.2327,37.0380,299.9276,1.9706
21.9312,15.3570,37.2264,299.6981,1.8339
22.0628,15.4928,37.4151,299.5222,1.7674
22.1947,15.6221,37.6334,300.0784,1.9274
22.6137,15.9446,38.1652,301.8435,1.4947
22.7257,16.0299,38.3341,302.9503,1.6906
22.8606,16.1245,38.5583,304.0077,1.8088
22.9932,16.2623,38.8498,304.0090,2.4720
23.1254,16.3261,38.9952,304.1061,1.3050
23.4587,16.6453,39.4769,304.3023,1.7400
23.5787,16.8014,39.6659,304.2930,2.0435
23.7125,16.9623,39.8904,305.4016,2.0763
23.8421,17.1076,40.0453,305.4825,1.6466
24.2624,17.6037,40.6351,306.7164,1.8482
24.4015,17.7613,40.7959,307.2175,1.6191
24.5329,17.8779,40.9343,307.7595,1.3800
24.6634,17.9602,41.0689,308.9967,1.2530
25.0899,18.4459,41.5113,306.3748,1.5723
25.2211,18.6164,41.7196,307.8170,2.0636
25.3453,18.8070,41.9934,309.3126,2.7005
25.4764,18.8167,42.2086,307.6978,1.6610
25.6115,18.8056,42.2489,308.9189,0.3316
25.9448,18.7785,42.1491,312.2810,0.3691
26.0632,18.7781,42.1537,312.2914,0.0533
26.1943,18.7759,42.1695,312.1072,0.1376
26.3259,18.7774,42.1701,312.0930,0.0226
26.7487,18.7780,42.1712,312.0867,0.0029
26.8636,18.7781,42.1714,312.0865,0.0021
26.9970,18.7782,42.1717,312.0857,0.0025
27.1296,18.7784,42.1720,312.0826,0.0024
27.5502,18.7786,42.1725,312.0795,0.0014
27.6743,18.7788,42.1727,312.0761,0.0018
27.8067,18.7789,42.1730,312.0747,0.0029
27.9392,18.7790,42.1731,312.0772,0.0012
28.0716,18.7791,42.1732,312.0770,0.0008
28.4050,18.7792,42.1736,312.0731,0.0011
28.5155,18.7793,42.1738,312.0667,0.0021
28.6513,18.7795,42.1741,312.0645,0.0029
28.7841,18.7797,42.1745,312.0570,0.0033
29.2058,18.7804,42.1759,312.0415,0.0037
29.3284,18.7806,42.1762,312.0416,0.0033
29.4647,18.7808,42.1766,312.0415,0.0032
29.5950,18.8118,42.2115,312.5388,0.3597
29.7280,18.9007,42.3273,317.4188,1.0977
30.0613,19.0283,42.4413,344.7137,0.5144
30.1840,19.0446,42.5199,350.8429,0.6541
30.3191,19.0403,42.5103,350.9438,0.0977
30.4514,19.0403,42.5082,350.9867,0.0204
30.8745,19.0406,42.5083,350.9880,0.0008
30.9763,19.0407,42.5083,350.9882,0.0005
31.1087,19.0407,42.5084,350.9871,0.0004
31.2374,19.0408,42.5084,350.9873,0.0002
31.6602,19.0408,42.5084,350.9872,0.0001
31.7898,19.0408,42.5084,350.9871,0.0001
31.9225,19.0408,42.5084,350.9869,0.0000
32.0567,19.0408,42.5084,350.9871,0.0001
32.4805,19.0408,42.5084,350.9866,0.0000
32.6212,19.0408,42.5084,350.9868,0.0001
32.7609,19.0408,42.5084,350.9871,0.0000
32.8990,19.0408,42.5084,350.9874,0.0000
33.2439,19.0408,42.5084,350.9869,0.0000
33.3816,19.0408,42.5084,350.9874,0.0001
33.5142,19.0408,42.5084,350.9868,0.0001
33.6468,19.0408,42.5084,350.9868,0.0001
34.0250,19.0408,42.5084,350.9868,0.0000
34.1618,19.1775,42.5392,352.1755,1.0515
34.2934,19.4218,42.5985,354.3948,1.9116
34.4320,19.7036,42.5609,357.6497,2.0602
34.8354,20.3387,42.5141,1.0987,1.5855
34.9764,20.5692,42.5644,3.7798,1.6956
35.1102,20.8014,42.5347,4.4934,1.7506
35.2418,20.9745,42.4879,4.8735,1.3822
35.6639,21.7860,42.4096,9.6225,1.9320
35.7854,22.0430,42.4039,9.9824,2.1426
35.9214,22.2438,42.3920,10.6724,1.4894
36.0566,22.3960,42.3120,11.2979,1.3413
36.4332,23.0067,42.2502,15.6265,1.6570
36.5723,23.2453,42.1473,13.6631,1.8829
36.7046,23.4258,42.0700,12.2210,1.5366
36.8377,23.6380,41.9784,10.9274,1.8533
37.2152,24.1086,41.8478,9.1623,1.3368
37.3515,24.3153,41.8015,9.7639,1.7809
37.4910,24.5333,41.7576,10.1519,1.7931
37.9163,24.6714,41.7217,10.0425,0.3794
38.0248,24.6690,41.7223,10.0426,0.0257
38.1646,24.6654,41.7232,10.0481,0.0305
38.3038,24.6618,41.7243,10.0641,0.0310
38.6372,24.6526,41.7261,10.0286,0.0328
38.7612,24.6500,41.7266,10.0232,0.0237
38.9020,24.6468,41.7273,10.0173,0.0270
39.0426,24.6435,41.7283,10.0257,0.0280
39.3412,24.6359,41.7304,10.0379,0.0301
39.4688,24.6323,41.7315,10.0437,0.0355
39.6076,24.6280,41.7322,10.0131,0.0358
39.7463,24.6238,41.7328,9.9857,0.0356
40.0274,24.6169,41.7343,9.9861,0.0281
40.1371,24.6144,41.7349,9.9881,0.0265
40.2762,24.6107,41.7357,9.9891,0.0309
40.4167,24.6067,41.7366,9.9952,0.0340
40.6979,24.5988,41.7382,9.9867,0.0334
40.8071,24.5853,41.7425,8.4473,0.1410
40.9470,24.6094,41.7338,358.7407,0.1890
41.0851,24.6137,41.7193,353.7071,0.1140
41.3679,24.6095,41.7195,353.7996,0.0175
41.4751,24.6053,41.7189,353.7889,0.0457
41.6128,24.6018,41.7184,353.7878,0.0292
41.7498,24.5984,41.7178,353.7758,0.0295
42.0095,24.5924,41.7172,353.7840,0.0265
42.1185,24.5900,41.7168,353.7715,0.0263
42.2560,24.5865,41.7163,353.7570,0.0292
42.3921,24.5906,41.7212,353.6693,0.0534
42.6859,24.8966,41.7946,346.8424,1.2382
42.8158,24.9588,41.8094,344.9742,0.5395
42.9536,24.9549,41.8082,344.9843,0.0341
43.0917,24.9520,41.8074,344.9923,0.0238
43.4098,24.9457,41.8050,344.9778,0.0237
43.5154,24.9434,41.8042,344.9760,0.0259
43.6526,24.9402,41.8031,344.9733,0.0285
43.7883,24.9367,41.8019,344.9689,0.0314
44.1217,24.9281,41.7991,344.9178,0.0320
44.2221,24.9258,41.7984,344.9128,0.0263
44.3605,24.9231,41.7976,344.9235,0.0228
44.4964,24.9201,41.7965,344.9117,0.0257
44.7778,24.9137,41.7945,344.8863,0.0271
44.9083,24.9102,41.7934,344.8692,0.0326
45.0452,24.9063,41.7923,344.8453,0.0337
45.1813,24.9028,41.7914,344.8259,0.0309
45.4836,24.8961,41.7889,344.7327,0.0275
45.6067,24.9073,41.8141,344.8105,0.2440
45.7435,25.0167,41.8825,345.0934,1.0447
45.8822,25.2158,41.9524,345.1017,1.7360
46.1319,25.5856,42.0846,345.0409,1.7902
46.2782,25.7893,42.1564,345.0399,1.6755
46.4158,25.9887,42.2308,345.0581,1.7652
46.7876,26.5336,42.4249,345.1056,1.7692
46.8962,26.6802,42.4782,345.2423,1.6251
47.0347,26.8809,42.5477,345.0652,1.7535
47.4572,27.4786,42.7637,345.0910,1.7113
47.5708,27.6514,42.8250,344.9824,1.8474
47.7081,27.8523,42.8949,344.8409,1.7638
47.8456,28.0511,42.9700,344.9351,1.7550
48.1623,28.4503,43.1289,345.4417,1.5841
48.2973,28.6564,43.1901,344.5398,1.7711
48.4308,28.8851,43.2687,344.2630,1.9706
48.7199,29.4089,43.4437,344.0139,2.0193
48.8424,29.6513,43.4843,342.9182,2.0496
48.9755,29.9280,43.5562,342.0494,2.1497
49.1079,30.2142,43.6366,341.8950,2.2464
49.3758,30.6954,43.8055,341.6632,1.9046
49.4804,30.7547,43.8292,341.9922,0.6135
49.6113,30.7535,43.8226,342.0729,0.0615
49.7473,30.7537,43.8227,342.0721,0.0019
49.8820,30.7539,43.8228,342.0730,0.0016
50.0675,30.7542,43.8229,342.0714,0.0017
50.1681,30.7544,43.8229,342.0684,0.0017
50.2979,30.7545,43.8230,342.0680,0.0013
50.4286,30.7547,43.8230,342.0687,0.0013
50.5606,30.7548,43.8231,342.0688,0.0011
50.8363,30.7551,43.8231,342.0687,0.0010
50.9537,30.7552,43.8232,342.0688,0.0009
51.0863,30.7553,43.8232,342.0691,0.0009
51.2170,30.7554,43.8232,342.0688,0.0007
51.6380,30.7557,43.8233,342.0690,0.0007
51.7773,30.7557,43.8233,342.0693,0.0005
51.9099,30.7558,43.8233,342.0690,0.0004
52.0408,30.7558,43.8234,342.0691,0.0002
52.1724,30.7559,43.8234,342.0691,0.0004
52.5057,30.7560,43.8234,342.0693,0.0005
52.6214,30.8563,43.8547,342.1149,0.9086
52.7533,30.8658,43.8594,342.1813,0.0867
52.8860,30.8657,43.8594,342.1795,0.0007
53.3077,30.8655,43.8593,342.1790,0.0006
53.4226,30.8654,43.8593,342.1790,0.0005
53.5504,30.8653,43.8593,342.1790,0.0006
53.6809,30.8653,43.8593,342.1801,0.0005
53.8130,30.8652,43.8592,342.1800,0.0008
54.1463,30.8649,43.8592,342.1804,0.0008
54.2614,30.8648,43.8591,342.1798,0.0007
54.3927,30.8647,43.8591,342.1804,0.0009
54.5246,30.8646,43.8591,342.1798,0.0007
54.6552,30.8645,43.8591,342.1794,0.0008
54.9885,30.8639,43.8588,342.1790,0.0020
55.0942,30.8637,43.8588,342.1790,0.0023
55.2245,30.8634,43.8587,342.1796,0.0023
55.3551,30.8631,43.8586,342.1785,0.0025
55.7751,30.8623,43.8583,342.1784,0.0020
55.9152,30.9825,43.9301,343.8863,1.0033
56.0471,31.0459,43.9084,349.3076,0.5319
56.1762,31.0462,43.9062,349.5835,0.0200
56.5972,31.0473,43.9053,349.5891,0.0035
56.7145,31.0482,43.9046,349.5798,0.0111
56.8424,31.0489,43.9048,349.5797,0.0056
56.9714,31.0498,43.9050,349.5803,0.0065
57.1009,31.0505,43.9051,349.5802,0.0058
57.4540,31.0528,43.9057,349.5790,0.0069
57.5887,31.0537,43.9059,349.5782,0.0064
57.7199,31.0544,43.9060,349.5778,0.0057
57.8484,31.0552,43.9061,349.5782,0.0066
58.2668,31.0573,43.9065,349.5811,0.0050
58.3875,31.0580,43.9066,349.5798,0.0057
58.5210,31.0586,43.9067,349.5799,0.0050
58.6534,31.0593,43.9068,349.5792,0.0055
58.7812,31.0599,43.9069,349.5785,0.0043
59.1145,31.0615,43.9072,349.5790,0.0050
59.2393,31.2144,43.9399,349.6608,1.2540
59.3757,31.4775,43.9896,349.6310,1.9669
59.5164,31.7411,44.0243,349.4874,1.8906
59.6481,32.0036,44.0738,349.4003,2.0296
59.9784,32.5946,44.1765,349.4104,1.8171
60.1035,32.8170,44.2052,349.4591,1.7978
60.2332,33.0824,44.2580,349.6008,2.0870
60.3605,33.3054,44.3121,350.0776,1.8028
60.7796,34.0986,44.4686,350.5209,1.9311
60.9145,34.1687,44.4874,350.8614,0.5419
61.0443,34.1691,44.4875,350.8612,0.0033
61.1727,34.1695,44.4876,350.8627,0.0031
61.5911,34.1704,44.4878,350.8623,0.0022
61.7064,34.1706,44.4878,350.8622,0.0018
61.8335,34.1708,44.4879,350.8618,0.0014
61.9650,34.1710,44.4879,350.8622,0.0014
62.0939,34.1710,44.4879,350.8624,0.0006
62.4272,34.1712,44.4879,350.8626,0.0004
62.5412,34.1712,44.4880,350.8627,0.0005
62.6712,34.1713,44.4880,350.8623,0.0007
62.7999,34.1714,44.4880,350.8628,0.0006
63.2178,34.1716,44.4880,350.8629,0.0005
63.3600,34.1716,44.4880,350.8630,0.0004
63.4895,34.1717,44.4881,350.8630,0.0003
63.6169,34.1717,44.4881,350.8633,0.0002
64.0361,34.1718,44.4881,350.8629,0.0002
64.1692,34.3001,44.4765,357.6424,0.9773
64.2989,34.3285,44.4893,358.9207,0.2707
64.4267,34.3287,44.4871,358.9420,0.0238
64.8467,34.3305,44.4870,358.9531,0.0043
64.9883,34.3404,44.4869,359.0057,0.0703
65.1165,34.4824,44.4862,1.1886,1.1103
65.2449,34.6275,44.4917,9.1087,1.1312
65.6672,34.6684,44.4673,10.7577,0.1185
65.7780,34.6700,44.4717,10.7479,0.0433
65.9171,34.6706,44.4716,10.7421,0.0043
66.0494,34.6712,44.4715,10.7418,0.0046
66.4709,34.6728,44.4713,10.7404,0.0040
66.6014,34.6733,44.4712,10.7375,0.0035
66.7328,34.6738,44.4711,10.7372,0.0037
66.8647,34.6742,44.4711,10.7375,0.0032
67.2849,34.6759,44.4708,10.7342,0.0042
67.3866,34.6764,44.4707,10.7334,0.0046
67.5200,34.6769,44.4706,10.7329,0.0045
67.6516,34.6778,44.4705,10.7316,0.0066
67.7841,34.6786,44.4704,10.7306,0.0058
68.1152,34.6809,44.4701,10.7275,0.0071
68.2521,34.6817,44.4699,10.7272,0.0063
68.3860,34.6824,44.4698,10.7292,0.0055
68.5191,34.6853,44.4692,10.7232,0.0221
68.9402,35.2502,44.3376,25.2502,1.3776
69.0626,35.3381,44.2888,27.4279,0.8248
69.2008,35.3439,44.2751,27.6044,0.1117
69.3345,35.3400,44.2849,27.5168,0.0986
69.4693,35.3370,44.2911,27.4635,0.0626
69.7760,35.3366,44.2913,27.4631,0.0015
69.9139,35.3364,44.2914,27.4626,0.0017
70.0498,35.3362,44.2915,27.4627,0.0015
70.1877,35.3361,44.2916,27.4626,0.0014
70.6123,35.3357,44.2919,27.4612,0.0011
70.7501,35.3354,44.2920,27.4612,0.0019
70.8875,35.3352,44.2921,27.4603,0.0019
71.0230,35.3350,44.2922,27.4598,0.0018
71.4485,35.3341,44.2928,27.4584,0.0024
71.5648,35.3339,44.2929,27.4577,0.0020
71.6974,35.3337,44.2930,27.4571,0.0022
71.8343,35.3335,44.2931,27.4559,0.0017
71.9689,35.3334,44.2932,27.4564,0.0007
72.3022,35.3335,44.2931,27.4569,0.0004
72.4400,35.3578,44.1975,29.4791,0.7337
72.5792,35.4182,44.1073,46.5892,0.7826
72.7125,35.4658,44.0697,53.6054,0.4686
73.1366,35.4768,44.0609,53.5566,0.0334
73.2585,35.4785,44.0594,53.5180,0.0196
73.3943,35.4787,44.0591,53.5186,0.0025
73.5316,35.4789,44.0589,53.5188,0.0025
73.6684,35.4791,44.0586,53.5183,0.0024
74.0017,35.4796,44.0580,53.5186,0.0022
74.1181,35.4798,44.0578,53.5190,0.0025
74.2553,35.4800,44.0575,53.5196,0.0025
74.3905,35.4801,44.0572,53.5187,0.0024
74.5274,35.4803,44.0570,53.5187,0.0023
74.8607,35.4807,44.0564,53.5188,0.0021
75.0026,35.4809,44.0562,53.5193,0.0020
75.1384,35.4811,44.0560,53.5182,0.0018
75.2731,35.4812,44.0558,53.5176,0.0020
75.4087,35.4816,44.0553,53.5178,0.0043
75.7420,35.4826,44.0539,53.5176,0.0052
75.8671,35.4831,44.0532,53.5187,0.0070
76.0067,35.4836,44.0525,53.5196,0.0059
76.1432,35.4839,44.0520,53.5190,0.0042
76.5674,35.6907,43.7472,53.2710,0.8699
76.7090,35.8187,43.5557,53.3509,1.6301
76.8464,35.9694,43.3575,53.2459,1.8126
76.9828,36.0877,43.1961,53.5410,1.4681
77.1185,36.2167,42.9977,53.7857,1.7443
77.4518,36.5654,42.5045,53.9943,1.8127
77.5754,36.6946,42.3225,54.0870,1.8067
77.7119,36.8299,42.1127,54.3204,1.8307
77.8492,36.9697,41.9123,54.5323,1.7804
78.2736,37.3787,41.3280,54.6203,1.6821
78.3944,37.4975,41.1572,54.5582,1.7240
78.5331,37.5283,41.1105,54.5308,0.4042
78.6711,37.5278,41.1117,54.5308,0.0099
78.8094,37.5273,41.1125,54.5317,0.0070
79.1427,37.5260,41.1144,54.5319,0.0069
79.2657,37.5253,41.1153,54.5317,0.0093
79.4031,37.5248,41.1160,54.5312,0.0068
79.5390,37.5242,41.1169,54.5311,0.0081
79.6764,37.5235,41.1179,54.5315,0.0084
80.0097,37.5221,41.1201,54.5309,0.0082
80.1432,37.5216,41.1209,54.5307,0.0070
80.2794,37.5208,41.1220,54.5289,0.0098
80.4165,37.5202,41.1230,54.5286,0.0085
80.8409,37.5185,41.1254,54.5275,0.0071
80.9812,37.5179,41.1261,54.5267,0.0066
81.1204,37.5174,41.1269,54.5271,0.0067
81.2562,37.5169,41.1277,54.5264,0.0071
81.3943,37.5163,41.1285,54.5244,0.0075
81.7093,37.5148,41.1306,54.5244,0.0083
81.8114,37.5414,41.0705,56.0606,0.6779
81.9500,37.5369,40.9801,70.6421,0.6536
82.0861,37.5331,40.9398,89.3511,0.2977
82.2181,37.5404,40.9317,92.1208,0.0840
82.5514,37.5415,40.9314,92.3130,0.0035
82.6860,37.5422,40.9354,92.3576,0.0298
82.8196,37.5421,40.9356,92.3544,0.0022
82.9547,37.5421,40.9362,92.3546,0.0045
83.3327,37.5423,40.9376,92.3551,0.0037
83.4483,37.5423,40.9380,92.3545,0.0033
83.5824,37.5423,40.9383,92.3547,0.0024
83.7217,37.5424,40.9386,92.3542,0.0020
83.8561,37.5424,40.9389,92.3546,0.0023
84.1536,37.5425,40.9393,92.3547,0.0015
84.2561,37.5425,40.9395,92.3547,0.0015
84.3900,37.5426,40.9398,92.3555,0.0030
84.5242,37.5426,40.9401,92.3557,0.0022
84.9473,37.5427,40.9408,92.3561,0.0017
85.0832,37.5427,40.9410,92.3559,0.0010
85.2161,37.5427,40.9411,92.3560,0.0010
85.3528,37.5428,40.9412,92.3564,0.0008
85.4862,37.5428,40.9413,92.3561,0.0006
85.7840,37.5428,40.9414,92.3559,0.0004
85.8975,37.5428,40.9415,92.3560,0.0004
86.0308,37.5397,40.9095,92.5224,0.2458
86.1668,37.5188,40.6776,92.8560,1.7132
86.5902,37.4734,39.8690,92.4656,1.9154
86.7050,37.4648,39.6488,92.7080,1.9205
86.8412,37.4686,39.4080,92.8708,1.7678
86.9734,37.4647,39.1302,92.8530,2.1042
87.1066,37.4572,38.8642,92.9162,2.0046
87.4399,37.4287,38.2647,92.9527,1.8034
87.5626,37.4277,38.0529,92.6325,1.7436
87.6980,37.4128,37.7631,92.3644,2.1460
87.8308,37.4014,37.4662,92.1992,2.2367
87.9643,37.3950,37.2312,91.9723,1.7614
88.2976,37.3600,36.5926,91.5462,1.9185
88.4127,37.3355,36.3754,91.3387,1.9007
88.5494,37.3059,36.1248,90.9779,1.8499
88.6860,37.2833,35.8625,90.8245,1.9316
89.1073,37.1700,35.0423,93.1315,1.9673
89.2467,37.1394,34.9831,92.0963,0.4783
89.3831,37.1508,34.9908,92.1291,0.1067
89.5195,37.1528,34.9933,92.1476,0.0263
89.6543,37.1530,34.9942,92.1491,0.0067
89.9682,37.1533,34.9959,92.1521,0.0056
90.0839,37.1534,34.9963,92.1528,0.0038
90.2215,37.1536,34.9971,92.1555,0.0054
90.3635,37.1537,34.9977,92.1582,0.0045
90.7582,37.1538,34.9988,92.1626,0.0029
90.9001,37.1538,34.9990,92.1634,0.0010
91.0387,37.1538,34.9991,92.1630,0.0008
91.1835,37.1538,34.9991,92.1639,0.0005
91.6121,37.1539,34.9994,92.1635,0.0007
91.7295,37.1539,34.9995,92.1638,0.0004
91.8674,37.1539,34.9996,92.1644,0.0004
92.0035,37.1539,34.9996,92.1645,0.0003
92.1405,37.1539,34.9996,92.1640,0.0004
92.4738,37.1539,34.9999,92.1637,0.0008
92.5774,37.1539,34.9999,92.1645,0.0006
92.7155,37.1539,35.0000,92.1639,0.0007
92.8578,37.1520,35.0391,91.9733,0.2751
93.2840,37.2079,35.7804,91.5523,1.7457
93.4283,37.2156,36.0446,90.7870,1.8361
93.5723,37.2413,36.2813,90.8557,1.6583
93.7118,37.2629,36.5029,90.8362,1.5972
93.8481,37.2800,36.7244,90.8489,1.6296
94.1249,37.3100,37.1756,90.6044,1.6344
94.2621,37.3215,37.3804,90.3646,1.4949
94.3982,37.3289,37.6267,90.6359,1.8115
94.5366,37.3266,37.8992,90.9823,1.9794
94.6710,37.3099,37.9414,91.8765,0.3399
95.0043,37.3164,37.9361,91.9637,0.0293
95.1255,37.3175,37.9359,91.9802,0.0113
95.2616,37.3174,37.9366,91.9796,0.0054
95.3958,37.3173,37.9375,91.9793,0.0069
95.5324,37.3173,37.9385,91.9785,0.0070
95.8440,37.3171,37.9399,91.9772,0.0047
95.9496,37.3171,37.9403,91.9785,0.0030
96.0818,37.3171,37.9405,91.9785,0.0021
96.2160,37.3171,37.9409,91.9771,0.0029
96.3484,37.3171,37.9412,91.9767,0.0018
96.7270,37.3171,37.9415,91.9760,0.0008
96.8308,37.3171,37.9415,91.9761,0.0006
96.9684,37.3171,37.9416,91.9758,0.0005
97.1032,37.3171,37.9417,91.9758,0.0005
97.2364,37.3171,37.9417,91.9754,0.0005
97.6109,37.3171,37.9418,91.9756,0.0001
97.7404,37.3171,37.9418,91.9758,0.0000
97.8717,37.3171,37.9418,91.9758,0.0000
98.0060,37.3171,37.9418,91.9755,0.0000
98.1381,37.3161,37.8750,90.5907,0.5138
98.5153,37.3271,37.3577,65.1712,1.3717
98.6417,37.3196,37.3179,61.1774,0.3239
98.7773,37.3184,37.3200,61.1831,0.0178
98.9120,37.3173,37.3220,61.1867,0.0182
99.3337,37.3144,37.3271,61.1921,0.0139
99.4733,37.3137,37.3283,61.1921,0.0103
99.6093,37.3128,37.3299,61.1939,0.0132
99.7417,37.3120,37.3314,61.1962,0.0135
99.8742,37.3110,37.3332,61.2008,0.0157
100.2075,37.3095,37.3362,61.2044,0.0101
100.3264,37.3090,37.3372,61.2027,0.0094
100.4603,37.3085,37.3381,61.2043,0.0082
100.5942,37.3078,37.3394,61.2031,0.0108
100.7278,37.3072,37.3407,61.2082,0.0107
101.0612,37.3053,37.3445,61.2136,0.0131
101.2009,37.3045,37.3462,61.2121,0.0133
101.3392,37.3035,37.3481,61.2161,0.0157
101.4732,37.3027,37.3499,61.2170,0.0150
101.8961,37.3004,37.3540,61.2251,0.0112
102.0157,37.3683,37.2261,59.9981,1.2600
102.1523,37.4804,37.0168,59.8049,1.7389
102.2895,37.6066,36.7967,59.8829,1.8486
102.4237,37.7106,36.6191,60.0126,1.5378
102.7464,37.9989,36.0965,60.0227,1.8657
102.8805,38.0726,36.0094,60.5085,0.8545
103.0195,38.0692,36.0092,60.4627,0.0385
103.1586,38.0689,36.0099,60.4564,0.0051
103.2986,38.0686,36.0105,60.4501,0.0048
103.5959,38.0678,36.0118,60.4446,0.0053
103.7280,38.0674,36.0125,60.4474,0.0056
103.8661,38.0671,36.0131,60.4459,0.0055
104.0042,38.0667,36.0136,60.4446,0.0044
104.1472,38.0663,36.0144,60.4442,0.0067
104.4557,38.0652,36.0161,60.4431,0.0064
104.5719,38.0650,36.0164,60.4428,0.0031
104.7114,38.0649,36.0167,60.4431,0.0021
104.8484,38.0648,36.0169,60.4428,0.0015
105.2734,38.0646,36.0172,60.4427,0.0009
105.3876,38.0645,36.0172,60.4426,0.0008
105.5226,38.0645,36.0173,60.4425,0.0005
105.6596,38.0645,36.0173,60.4428,0.0003
105.7971,38.0644,36.0174,60.4428,0.0002
106.1304,38.0644,36.0174,60.4427,0.0001
106.2341,38.1286,35.9150,61.5057,1.1835
106.3711,38.2191,35.7005,69.1260,1.7040
106.5057,38.2742,35.5885,76.1367,0.9290
106.6401,38.2778,35.5919,75.9500,0.0372
106.9735,38.2778,35.5919,75.9502,0.0000
107.1085,38.2778,35.5919,75.9502,0.0000
107.2433,38.2778,35.5919,75.9499,0.0000
107.3780,38.2778,35.5919,75.9501,0.0000
107.8008,38.2778,35.5919,75.9498,0.0000
107.9445,38.2778,35.5919,75.9504,0.0001
108.0819,38.2778,35.5919,75.9502,0.0000
108.2163,38.2778,35.5919,75.9501,0.0000
108.6407,38.2778,35.5919,75.9502,0.0000
108.7608,38.2778,35.5919,75.9501,0.0000
108.8952,38.2778,35.5919,75.9502,0.0000
109.0314,38.2778,35.5919,75.9501,0.0000
109.1667,38.2778,35.5919,75.9499,0.0000
109.5001,38.2778,35.5919,75.9501,0.0000
109.6229,38.2778,35.5919,75.9504,0.0000
109.7593,38.2786,35.5895,75.9493,0.0187
109.8940,38.3373,35.4078,76.2935,1.4313
110.3189,38.5508,34.7098,76.4025,1.7231
110.4339,38.6092,34.5053,76.5197,1.8496
110.5734,38.6892,34.2686,76.8885,1.8126
110.7136,38.7434,34.0366,76.7407,1.7524
110.8517,38.8042,33.8100,76.7307,1.7285
111.1768,38.9661,33.1914,77.2863,1.9781
111.3000,38.9628,33.0928,76.7368,0.8102
111.4358,38.9674,33.1007,76.7376,0.1019
111.5727,38.9706,33.1109,76.7741,0.1054
111.7108,38.9698,33.1115,76.7756,0.0083
112.0441,38.9690,33.1140,76.7750,0.0079
112.1622,38.9688,33.1148,76.7758,0.0069
112.2986,38.9686,33.1156,76.7691,0.0062
112.4363,38.9683,33.1165,76.7679,0.0064
112.5727,38.9681,33.1173,76.7665,0.0067
112.9061,38.9676,33.1192,76.7634,0.0057
113.0461,38.9674,33.1196,76.7632,0.0035
113.1844,38.9674,33.1200,76.7599,0.0025
113.3221,38.9673,33.1204,76.7571,0.0030
113.7466,38.9668,33.1220,76.7531,0.0039
113.8843,38.9667,33.1224,76.7513,0.0036
114.0230,38.9666,33.1229,76.7515,0.0034
114.1607,38.9664,33.1235,76.7498,0.0047
114.5835,39.0785,32.5186,87.2914,1.4575
114.7035,39.0858,32.4998,88.8339,0.1685
114.8476,39.0858,32.5005,88.8351,0.0053
114.9848,39.0859,32.5008,88.8352,0.0022
115.1218,39.0859,32.5011,88.8351,0.0024
115.4397,39.0859,32.5016,88.8349,0.0014
115.5723,39.0859,32.5017,88.8350,0.0014
115.7104,39.0860,32.5019,88.8351,0.0011
115.8492,39.0860,32.5020,88.8351,0.0010
116.2740,39.0860,32.5024,88.8357,0.0009
116.4156,39.0860,32.5025,88.8357,0.0008
116.5535,39.0860,32.5026,88.8355,0.0007
116.6920,39.0860,32.5027,88.8357,0.0006
116.8298,39.0860,32.5028,88.8357,0.0008
117.1264,39.0860,32.5030,88.8353,0.0006
117.2490,39.0860,32.5030,88.8352,0.0004
117.3891,39.0860,32.5031,88.8350,0.0004
117.5252,39.0861,32.5031,88.8358,0.0005
117.9327,39.0860,32.5034,88.8342,0.0007
118.0677,39.0982,32.3720,87.9829,0.9828
118.2051,39.1226,32.2350,94.9406,1.0134
118.3455,39.1245,32.1595,102.4024,0.5412
118.7726,39.1256,32.1695,103.0588,0.0264
118.8944,39.1248,32.1789,103.4979,0.0779
119.0327,39.1248,32.1789,103.4975,0.0003
119.1704,39.1248,32.1790,103.4972,0.0004
119.5965,39.1248,32.1791,103.4979,0.0004
119.7306,39.1248,32.1792,103.4982,0.0003
119.8734,39.1248,32.1792,103.4983,0.0002
120.0125,39.1249,32.1792,103.4981,0.0002
120.4259,39.1249,32.1793,103.4984,0.0001
120.5490,39.1249,32.1793,103.4982,0.0001
120.6869,39.1249,32.1793,103.4985,0.0001
120.8264,39.1249,32.1793,103.4985,0.0001
120.9645,39.1249,32.1793,103.4985,0.0000
121.2781,39.1249,32.1793,103.4984,0.0001
121.3995,39.1249,32.1793,103.4985,0.0000
121.5393,39.1249,32.1793,103.4983,0.0000
121.6783,39.1249,32.1793,103.4982,0.0000
122.1033,39.1249,32.1793,103.4983,0.0000
122.2196,39.1249,32.1793,103.4983,0.0000
122.3573,39.1249,32.1793,103.4985,0.0000
122.4955,39.1249,32.1793,103.4984,0.0000
122.9237,39.1249,32.1793,103.4983,0.0000
123.0446,39.0929,32.0302,102.9583,1.2646
123.1845,39.0500,31.7939,102.8824,1.7191
123.3214,39.0198,31.6377,102.9254,1.1677
123.4608,39.0168,31.6445,102.8896,0.0640
123.7562,39.0171,31.6478,102.8826,0.0119
123.8676,39.0173,31.6490,102.8847,0.0106
124.0067,39.0175,31.6505,102.8833,0.0112
124.1453,39.0177,31.6519,102.8818,0.0112
124.5656,39.0182,31.6544,102.8742,0.0060
124.6758,39.0182,31.6547,102.8721,0.0035
124.8175,39.0184,31.6553,102.8649,0.0041
124.9604,39.0185,31.6562,102.8620,0.0066
125.0988,39.0189,31.6573,102.8555,0.0087
125.3969,39.0192,31.6591,102.8509,0.0062
125.5265,39.0193,31.6595,102.8559,0.0035
125.6694,39.0194,31.6599,102.8552,0.0028
125.8086,39.0195,31.6602,102.8524,0.0021
126.2163,39.0195,31.6604,102.8546,0.0007
126.3582,39.0195,31.6604,102.8548,0.0002
126.4969,39.0195,31.6605,102.8547,0.0001
126.6366,39.0195,31.6605,102.8546,0.0001
127.0620,39.0195,31.6605,102.8548,0.0000
127.1774,39.0195,31.6605,102.8548,0.0000
127.3123,38.9890,31.5355,102.7776,0.9895
127.4514,38.9396,31.3109,102.8916,1.6562
127.5938,38.9085,31.0941,103.3612,1.5508
127.9271,38.8155,30.5959,104.1877,1.5339
128.0503,38.8103,30.4933,104.4346,0.8343
128.1875,38.8054,30.4972,104.3592,0.0573
128.3255,38.8053,30.4968,104.3588,0.0029
128.7513,38.8051,30.4961,104.3591,0.0016
128.8811,38.8051,30.4960,104.3596,0.0008
129.0226,38.8050,30.4960,104.3602,0.0006
129.1616,38.8050,30.4959,104.3601,0.0005
129.5877,38.8050,30.4958,104.3602,0.0003
129.7238,38.8050,30.4958,104.3603,0.0001
129.8646,38.8050,30.4958,104.3602,0.0001
130.0040,38.8050,30.4958,104.3602,0.0001
130.4304,38.8050,30.4958,104.3601,0.0000
130.5668,38.8050,30.4958,104.3605,0.0000
130.7073,38.8050,30.4958,104.3600,0.0000
130.8492,38.8050,30.4958,104.3601,0.0001
131.2755,38.8050,30.4958,104.3601,0.0000
131.4157,38.8050,30.4958,104.3599,0.0000
131.5567,38.8050,30.4958,104.3601,0.0000
131.6956,38.8050,30.4958,104.3601,0.0000
132.1224,38.8050,30.4957,104.3596,0.0001
132.2600,38.8050,30.4957,104.3598,0.0001
132.4058,38.8050,30.4957,104.3601,0.0000
132.5494,38.7782,30.4051,104.9221,0.6666
132.9476,38.6176,29.8722,129.1186,1.4053
133.0868,38.5708,29.8034,133.3878,0.5977
133.2261,38.5744,29.8031,133.4356,0.0597
133.3646,38.5809,29.8032,133.5254,0.0625
133.7719,38.5798,29.8021,133.5337,0.0038
133.9172,38.5794,29.8017,133.5334,0.0042
134.0571,38.5789,29.8013,133.5320,0.0043
134.1973,38.5786,29.8010,133.5395,0.0030
134.5927,38.5779,29.8004,133.5420,0.0025
134.7247,38.5777,29.8002,133.5468,0.0020
134.8272,38.5775,29.8000,133.5463,0.0023
134.9688,38.5774,29.7999,133.5428,0.0014
135.1090,38.5771,29.7996,133.5400,0.0028
135.3940,38.5767,29.7993,133.5392,0.0017
135.4984,38.5766,29.7991,133.5383,0.0020
135.6404,38.5763,29.7990,133.5377,0.0020
135.7812,38.5762,29.7988,133.5380,0.0014
136.1988,38.5758,29.7983,133.5407,0.0016
136.3351,38.5756,29.7982,133.5410,0.0014
136.4761,38.5756,29.7981,133.5414,0.0009
136.6163,38.5755,29.7980,133.5412,0.0006
137.0084,38.1419,29.2882,133.9668,1.7176
137.1466,38.0361,29.2436,132.3716,0.8307
137.2854,38.0146,29.2439,132.3314,0.1562
137.4260,38.0286,29.2434,132.3117,0.1208
137.5268,38.0348,29.2425,132.3212,0.0861
137.8399,38.0330,29.2418,132.3033,0.0101
137.9713,38.0333,29.2421,132.3005,0.0031
138.0797,38.0334,29.2423,132.3013,0.0020
138.1821,38.0335,29.2424,132.3017,0.0017
138.3240,38.0337,29.2426,132.3024,0.0013
138.6364,38.0339,29.2429,132.3032,0.0012
138.7600,38.0340,29.2429,132.3035,0.0010
138.9028,38.0341,29.2431,132.3036,0.0010
139.0429,38.0342,29.2432,132.3039,0.0009
139.4715,38.0344,29.2434,132.3045,0.0008
139.5985,38.0344,29.2435,132.3048,0.0006
139.7413,38.0345,29.2435,132.3046,0.0006
139.8827,38.0345,29.2436,132.3049,0.0006
140.2934,38.0346,29.2437,132.3049,0.0004
140.4082,37.8984,29.1586,130.0327,1.4798
140.5444,37.8090,29.1341,123.2824,0.6817
140.6837,37.8295,29.1756,122.9121,0.3492
141.1105,37.8273,29.1961,122.9486,0.0563
141.2346,37.8279,29.1968,122.9578,0.0122
141.3763,37.8281,29.1971,122.9564,0.0024
141.5182,37.8283,29.1972,122.9554,0.0014
141.6583,37.8284,29.1973,122.9553,0.0009
141.9727,37.8284,29.1974,122.9544,0.0003
142.0851,37.8285,29.1974,122.9540,0.0004
142.2292,37.8285,29.1974,122.9538,0.0003
142.3703,37.8285,29.1974,122.9537,0.0002
142.7424,37.8284,29.1974,122.9539,0.0003
142.8456,37.8284,29.1973,122.9540,0.0002
142.9836,37.8284,29.1973,122.9540,0.0001
143.1247,37.8284,29.1973,122.9541,0.0001
143.2658,37.8284,29.1973,122.9542,0.0000
143.5566,37.8284,29.1973,122.9541,0.0000
143.6639,37.8284,29.1973,122.9544,0.0001
143.8009,37.8284,29.1973,122.9544,0.0000
143.9405,37.7771,29.1398,122.9999,0.5604
144.0820,37.6167,28.9956,118.2903,1.5300
144.4153,37.3991,28.6189,82.1881,1.3288
144.5455,37.4245,28.5158,77.5468,0.8818
144.6859,37.4345,28.5120,77.6949,0.0860
144.8243,37.4302,28.5147,77.6609,0.0421
145.1794,37.4292,28.5178,77.6546,0.0093
145.2879,37.4289,28.5189,77.6544,0.0101
145.4261,37.4286,28.5199,77.6536,0.0077
145.5632,37.4283,28.5208,77.6513,0.0075
145.7010,37.4279,28.5221,77.6500,0.0095
146.0311,37.4270,28.5252,77.6481,0.0100
146.1411,37.4267,28.5261,77.6454,0.0093
146.2803,37.4262,28.5277,77.6424,0.0122
146.4203,37.4257,28.5289,77.6393,0.0090
146.5575,37.4254,28.5294,77.6400,0.0046
146.8332,37.4253,28.5298,77.6406,0.0017
146.9402,37.4252,28.5299,77.6441,0.0008
147.0749,37.4251,28.5300,77.6436,0.0010
147.2134,37.4251,28.5301,77.6432,0.0011
147.3516,37.4248,28.5306,77.6440,0.0039
147.6849,37.4238,28.5325,77.6377,0.0064
147.8022,37.4488,28.4074,78.3721,1.1114
147.9372,37.5392,28.1810,78.5755,1.8070
148.0739,37.6069,27.9285,78.8704,1.9228
148.2107,37.6464,27.6776,78.5421,1.8602
148.5440,37.6780,27.5007,78.5556,0.5394
148.6786,37.6789,27.4967,78.5625,0.0322
148.8181,37.6789,27.4962,78.5646,0.0039
148.9558,37.6790,27.4956,78.5649,0.0042
149.3617,37.6792,27.4934,78.5648,0.0054
149.4636,37.6793,27.4929,78.5653,0.0052
149.5998,37.6794,27.4922,78.5637,0.0053
149.7393,37.6794,27.4915,78.5626,0.0048
149.8762,37.6796,27.4907,78.5634,0.0061
150.2095,37.6796,27.4898,78.5622,0.0027
150.3427,37.6797,27.4897,78.5622,0.0006
150.4843,37.6797,27.4897,78.5626,0.0005
150.6225,37.6797,27.4896,78.5625,0.0002
150.7600,37.6797,27.4896,78.5625,0.0003
151.0741,37.6797,27.4896,78.5624,0.0001
151.1744,37.6797,27.4896,78.5626,0.0001
151.3147,37.6797,27.4896,78.5624,0.0000
151.4540,37.6798,27.4890,78.5616,0.0039
151.5921,37.7078,27.3922,80.7594,0.7410
151.9209,37.7269,27.1041,93.9705,0.8996
152.0458,37.6852,27.0702,98.7379,0.4311
152.1846,37.6631,27.0594,98.3569,0.1986
152.3256,37.6594,27.0617,98.3199,0.0558
152.4650,37.6637,27.0662,98.4141,0.0567
152.7935,37.6641,27.0669,98.4136,0.0029
152.8940,37.6641,27.0671,98.4156,0.0011
153.0302,37.6642,27.0671,98.4156,0.0006
153.1690,37.6642,27.0672,98.4165,0.0004
153.3076,37.6642,27.0672,98.4151,0.0002
153.6410,37.6642,27.0672,98.4148,0.0001
153.7750,37.6642,27.0672,98.4151,0.0000
153.9131,37.6642,27.0672,98.4152,0.0000
154.0519,37.6642,27.0672,98.4150,0.0000
154.1896,37.6642,27.0672,98.4151,0.0000
154.5230,37.6642,27.0672,98.4150,0.0000
154.6233,37.6642,27.0672,98.4148,0.0000
154.7606,37.6642,27.0672,98.4150,0.0000
154.9001,37.6642,27.0672,98.4151,0.0000
155.0399,37.6642,27.0672,98.4148,0.0000
155.3733,37.6642,27.0672,98.4151,0.0000
155.4780,37.6564,27.0313,99.2138,0.4925
155.6150,37.6228,26.9776,109.3811,0.4735
155.7567,37.5917,26.9355,123.8464,0.3736
155.8972,37.5867,26.9238,124.7904,0.0910
156.2754,37.5855,26.9213,124.3686,0.0074
156.3812,37.5849,26.9131,124.1672,0.0971
156.5192,37.5824,26.9146,124.0964,0.0276
156.6596,37.5830,26.9154,124.0950,0.0076
156.8016,37.5835,26.9163,124.0939,0.0069
157.1349,37.5847,26.9181,124.0917,0.0067
157.2745,37.5850,26.9188,124.0892,0.0058
157.4190,37.5855,26.9195,124.0881,0.0058
157.5624,37.5859,26.9203,124.0864,0.0064
157.9787,37.5874,26.9229,124.0762,0.0073
158.1196,37.5880,26.9238,124.0754,0.0076
158.2574,37.5885,26.9248,124.0727,0.0078
158.4007,37.5890,26.9256,124.0710,0.0067
158.5415,37.5893,26.9262,124.0716,0.0054
158.8749,37.5903,26.9277,124.0702,0.0052
158.9889,37.5905,26.9281,124.0698,0.0046
159.1349,37.5908,26.9286,124.0664,0.0035
159.2384,37.5910,26.9288,124.0664,0.0033
159.3450,37.5912,26.9292,124.0664,0.0037
159.4543,37.5914,26.9295,124.0664,0.0034
159.6725,37.5919,26.9304,124.0673,0.0049
159.8245,37.5625,26.8783,124.1367,0.4065
159.9275,37.4572,26.7159,124.5653,1.9029
160.0324,37.3453,26.5620,124.3927,1.8228
160.1805,37.1775,26.3222,124.5522,1.9790
160.4132,36.9030,25.9383,124.5217,2.0303
160.5638,36.7597,25.7708,124.4939,1.4783
160.6692,36.6590,25.6332,124.0807,1.6288
160.7694,36.5525,25.5083,123.3605,1.6386
160.9187,36.4137,25.2756,123.4287,1.8149
161.1400,36.1561,24.9118,123.0274,2.0384
161.2670,36.0117,24.6846,123.1090,2.1213
161.4073,35.8551,24.4646,123.2435,1.9265
161.5460,35.7769,24.3734,122.0663,0.8665
161.6839,35.7800,24.3754,122.0149,0.0429
161.9729,35.7801,24.3756,122.0149,0.0009
162.0987,35.7802,24.3757,122.0146,0.0005
162.2421,35.7802,24.3757,122.0148,0.0004
162.3833,35.7802,24.3757,122.0148,0.0003
162.7748,35.7802,24.3758,122.0147,0.0001
162.8979,35.7803,24.3758,122.0148,0.0001
163.0361,35.7803,24.3758,122.0147,0.0000
163.1773,35.7803,24.3758,122.0149,0.0001
163.3187,35.7803,24.3758,122.0147,0.0000
163.6520,35.7803,24.3758,122.0147,0.0000
163.7756,35.7803,24.3758,122.0149,0.0000
163.9198,35.7803,24.3758,122.0149,0.0000
164.0595,35.7803,24.3758,122.0149,0.0000
164.2000,35.7803,24.3758,122.0150,0.0000
164.5226,35.7803,24.3758,122.0148,0.0000
164.6306,35.7803,24.3758,122.0148,0.0000
164.7673,35.7803,24.3758,122.0147,0.0000
164.9098,35.7803,24.3758,122.0148,0.0000
165.0504,35.7803,24.3758,122.0148,0.0000
165.3644,35.7803,24.3758,122.0148,0.0000
165.4821,35.7086,24.3449,112.8283,0.6647
165.6184,35.6255,24.2463,96.2728,0.9489
165.7587,35.6057,24.1670,73.1983,0.5820
165.8996,35.6357,24.0958,49.0977,0.5505
166.2321,35.6593,24.0516,41.5880,0.1544
166.3738,35.6058,24.0478,41.0680,0.3790
166.5160,35.6048,24.0486,41.0949,0.0130
166.6574,35.6037,24.0493,41.0940,0.0089
166.7999,35.6028,24.0500,41.0903,0.0082
167.0956,35.6015,24.0508,41.0884,0.0052
167.2040,35.6010,24.0512,41.0897,0.0057
167.3420,35.6002,24.0516,41.0902,0.0064
167.4822,35.5995,24.0521,41.0898,0.0064
167.6224,35.5988,24.0526,41.0861,0.0061
167.9558,35.5972,24.0537,41.0835,0.0059
168.0568,35.5967,24.0540,41.0834,0.0056
168.1984,35.5960,24.0544,41.0830,0.0054
168.3400,35.5954,24.0548,41.0827,0.0058
168.4809,35.5946,24.0554,41.0826,0.0065
168.7663,35.5926,24.0566,41.0779,0.0082
168.9056,35.5917,24.0572,41.0777,0.0079
169.0421,35.5909,24.0578,41.0772,0.0072
169.1841,35.5900,24.0585,41.0771,0.0082
169.3255,35.5889,24.0592,41.0779,0.0093
169.6441,35.5866,24.0608,41.0775,0.0089
169.7445,35.6691,23.9991,42.4931,1.0358
169.8815,35.8386,23.8167,42.3163,1.8179
170.0232,35.8677,23.7903,42.2098,0.2781
170.1624,35.8673,23.7907,42.2090,0.0045
170.4880,35.8664,23.7917,42.2094,0.0039
170.6288,35.8661,23.7920,42.2095,0.0033
170.7677,35.8658,23.7923,42.2099,0.0031
170.9088,35.8655,23.7926,42.2100,0.0028
171.0507,35.8653,23.7929,42.2103,0.0026
171.3841,35.8648,23.7934,42.2112,0.0023
171.4905,35.8646,23.7936,42.2114,0.0026
171.6293,35.8644,23.7939,42.2112,0.0023
171.7707,35.8641,23.7942,42.2082,0.0032
171.9111,35.8637,23.7946,42.2086,0.0039
172.2222,35.8629,23.7955,42.2065,0.0041
172.3636,35.8624,23.7961,42.2044,0.0055
172.5094,35.8615,23.7970,42.2003,0.0084
172.6481,35.8607,23.7978,42.1998,0.0082
173.0484,35.8591,23.7996,42.1985,0.0062
173.1946,35.8911,23.7415,41.7239,0.4556
173.3361,35.8902,23.7498,42.0568,0.0602
173.4778,35.8908,23.7520,42.0289,0.0163
173.8406,35.8909,23.7518,42.0362,0.0004
173.9538,35.8909,23.7519,42.0359,0.0004
174.0950,35.8909,23.7519,42.0358,0.0003
174.2356,35.8908,23.7519,42.0360,0.0003
174.3773,35.8908,23.7520,42.0360,0.0002
174.6963,35.8907,23.7520,42.0358,0.0002
174.8136,35.8907,23.7520,42.0358,0.0002
174.9539,35.8907,23.7520,42.0357,0.0002
175.0940,35.8907,23.7521,42.0356,0.0002
175.4828,35.9316,23.7142,42.1201,0.1434
175.6168,35.9589,23.6465,42.3872,0.5529
175.7584,35.9862,23.6425,43.9744,0.2105
175.8978,35.9852,23.6440,44.0694,0.0128
176.3072,35.9851,23.6440,44.0701,0.0003
176.4198,35.9851,23.6440,44.0703,0.0001
176.5566,35.9851,23.6440,44.0703,0.0000
176.6959,35.9851,23.6440,44.0702,0.0000
176.8374,35.9851,23.6440,44.0701,0.0000
177.1252,35.9851,23.6440,44.0703,0.0000
177.2501,35.9726,23.6324,47.8436,0.1587
177.3879,35.9936,23.6307,53.5557,0.1763
177.5283,35.9941,23.6315,53.5838,0.0068
177.9557,35.9946,23.6318,53.5876,0.0016
178.0690,35.9947,23.6317,53.5854,0.0014
178.2058,35.9948,23.6316,53.5858,0.0011
178.3473,35.9949,23.6315,53.5859,0.0009
178.4881,35.9949,23.6314,53.5861,0.0008
178.8198,35.9950,23.6313,53.5866,0.0005
178.9611,35.9951,23.6312,53.5866,0.0004
179.1008,35.9951,23.6312,53.5865,0.0004
179.2417,36.0050,23.6218,53.9894,0.0966
179.6540,36.1784,23.3253,72.2074,0.8331
179.7767,36.2102,23.2249,75.9996,0.8657
179.9169,36.2175,23.2050,76.8130,0.1526
180.0549,36.2175,23.2048,76.8135,0.0013
180.1943,36.2175,23.2049,76.8114,0.0004
180.4923,36.2175,23.2049,76.8115,0.0002
180.6148,36.2175,23.2050,76.8116,0.0002
180.7505,36.2175,23.2050,76.8114,0.0001
180.8909,36.2175,23.2050,76.8117,0.0001
181.0294,36.2175,23.2050,76.8114,0.0001
181.3627,36.2175,23.2050,76.8114,0.0000
181.4915,36.2175,23.2050,76.8114,0.0000
181.6311,36.2175,23.2050,76.8113,0.0000
181.7711,36.2175,23.2050,76.8114,0.0000
182.1876,36.2175,23.2050,76.8115,0.0000
182.2967,36.2175,23.2050,76.8115,0.0000
182.4369,36.2175,23.2050,76.8112,0.0000
182.5762,36.2175,23.2050,76.8114,0.0000
183.0051,36.2175,23.2050,76.8114,0.0000
183.1200,36.2314,23.0813,76.9260,1.0845
183.2558,36.2914,22.8588,76.9283,1.6971
183.3953,36.3662,22.6216,76.9766,1.7836
183.5348,36.4272,22.3864,76.9824,1.7415
183.8470,36.5627,21.8035,76.8338,1.9173
183.9689,36.6088,21.5773,76.6909,1.8937
184.1073,36.6610,21.3285,76.7786,1.8377
184.2466,36.7065,21.1136,76.8596,1.5780
184.6691,36.7075,21.0976,76.9483,0.0386
184.7888,36.7073,21.0985,76.9481,0.0073
184.9242,36.7071,21.0992,76.9491,0.0053
185.0638,36.7069,21.0999,76.9483,0.0056
185.2031,36.7067,21.1006,76.9478,0.0052
185.5059,36.7073,21.1013,76.9077,0.0035
185.6214,36.7073,21.1013,76.9181,0.0007
185.7602,36.7073,21.1012,76.9179,0.0002
185.9016,36.7073,21.1012,76.9179,0.0002
186.0415,36.7073,21.1012,76.9181,0.0002
186.3593,36.7073,21.1011,76.9178,0.0002
186.5001,36.7073,21.1011,76.9180,0.0001
186.6406,36.7073,21.1011,76.9182,0.0001
186.7794,36.7073,21.1011,76.9181,0.0001
187.1771,36.7074,21.1010,76.9179,0.0002
187.3080,36.7074,21.1010,76.9178,0.0002
187.4426,36.7074,21.1010,76.9181,0.0002
187.5804,36.7074,21.1009,76.9183,0.0002
187.7188,36.7074,21.1009,76.9181,0.0002
188.0521,36.7074,21.1008,76.9183,0.0002
188.1877,36.7190,21.0222,73.3235,0.5911
188.3281,36.7273,21.0063,72.4788,0.1479
188.4673,36.7272,21.0067,72.4819,0.0030
188.8780,36.7268,21.0077,72.4821,0.0027
188.9888,36.7267,21.0081,72.4820,0.0033
189.1239,36.7266,21.0085,72.4820,0.0029
189.2666,36.7265,21.0089,72.4821,0.0034
189.4116,36.7567,20.9121,71.2068,0.6997
189.7357,36.8995,20.5969,56.0028,1.0681
189.8557,36.9367,20.5466,52.8155,0.5220
190.0042,36.9373,20.5460,52.8113,0.0054
190.1442,36.9376,20.5457,52.8117,0.0035
190.5719,36.9384,20.5447,52.8109,0.0030
190.7046,36.9386,20.5444,52.8108,0.0021
190.8467,36.9388,20.5442,52.8108,0.0025
190.9892,36.9389,20.5439,52.8108,0.0020
191.1304,36.9391,20.5437,52.8111,0.0020
191.4577,36.9395,20.5432,52.8109,0.0021
191.5651,36.9397,20.5428,52.8110,0.0037
191.7012,36.9400,20.5425,52.8108,0.0028
191.8450,36.9403,20.5421,52.8113,0.0034
191.9872,36.9405,20.5418,52.8113,0.0029
192.2746,36.9410,20.5412,52.8124,0.0027
192.3746,36.9411,20.5410,52.8117,0.0019
192.5119,36.9411,20.5409,52.8136,0.0009
192.6532,36.9412,20.5408,52.8137,0.0011
192.7950,36.9413,20.5407,52.8138,0.0012
193.0428,36.9418,20.5403,52.8172,0.0026
193.1535,36.9418,20.5402,52.8170,0.0004
193.2995,37.0134,20.4448,53.3086,0.8187
193.4464,37.1973,20.1986,53.3224,2.0918
193.5911,37.3552,19.9774,53.3507,1.8789
193.9245,37.7291,19.4779,53.4159,1.8716
194.0650,37.9159,19.2294,53.3154,2.2120
194.1747,38.0094,19.1010,53.1474,1.4485
194.2955,38.0428,19.0663,53.0272,0.4053
194.3957,38.0424,19.0669,53.0385,0.0074
194.4971,38.0421,19.0673,53.0388,0.0051
194.6762,38.0417,19.0679,53.0391,0.0039
194.7936,38.0416,19.0682,53.0390,0.0029
194.9449,38.0414,19.0685,53.0393,0.0025
195.0967,38.0412,19.0687,53.0403,0.0017
195.1984,38.0411,19.0688,53.0418,0.0016
195.3994,38.0409,19.0692,53.0410,0.0020
195.5479,38.0407,19.0694,53.0410,0.0020
195.6964,38.0406,19.0696,53.0413,0.0014
195.8410,38.0405,19.0697,53.0414,0.0012
195.9838,38.0404,19.0700,53.0411,0.0021
196.1777,38.0402,19.0700,53.0416,0.0012
196.3190,38.0401,19.0701,53.0416,0.0012
196.4613,38.0400,19.0703,53.0411,0.0013
196.5654,38.0398,19.0704,53.0412,0.0018
196.7102,38.0397,19.0706,53.0407,0.0016
197.0435,38.0392,19.0713,53.0404,0.0026
197.1810,38.0391,19.0715,53.0404,0.0015
197.3231,38.0596,19.0518,52.9035,0.2046
197.4640,38.1312,18.8656,49.4458,1.4171
197.8906,38.3778,18.4374,16.1530,1.1585
198.0080,38.4164,18.3795,9.2452,0.5952
198.1405,38.4112,18.3707,9.0357,0.0902
198.2753,38.4079,18.3679,9.0285,0.0383
198.4114,38.4072,18.3680,9.0254,0.0056
198.7761,38.4052,18.3682,9.0237,0.0056
198.8776,38.4049,18.3683,9.0237,0.0028
199.0106,38.4045,18.3683,9.0234,0.0032
199.1477,38.4040,18.3684,9.0231,0.0031
199.2831,38.4034,18.3682,9.0218,0.0051
199.6623,38.4021,18.3683,9.0207,0.0035
199.7633,38.4019,18.3682,9.0204,0.0022
199.8994,38.4020,18.3682,9.0204,0.0003
200.0342,38.4020,18.3682,9.0203,0.0003
200.1711,38.4020,18.3682,9.0204,0.0002
200.5276,38.4021,18.3682,9.0205,0.0002
200.6434,38.4021,18.3682,9.0206,0.0002
200.7776,38.4022,18.3682,9.0204,0.0002
200.9121,38.4022,18.3682,9.0206,0.0003
201.0472,38.4022,18.3682,9.0207,0.0002
201.4261,38.9964,18.2674,10.3031,1.5918
201.5426,39.1821,18.2396,10.2476,1.6126
201.6761,39.4441,18.1933,10.2686,1.9924
201.8119,39.7085,18.1446,10.2643,1.9800
201.9482,39.9721,18.0972,10.2773,1.9649
202.2984,40.6159,17.9820,10.2285,1.8675
202.4150,40.8432,17.9401,10.2344,1.9828
202.5482,41.1076,17.8924,10.2277,2.0175
202.6831,41.3352,17.8528,10.2194,1.7114
202.8184,41.5987,17.8049,10.2223,1.9796
203.1518,42.2434,17.6892,10.2139,1.9648
203.2670,42.3775,17.6637,10.2700,1.1863
203.4031,42.3837,17.6626,10.3173,0.0467
203.5392,42.3838,17.6626,10.3173,0.0008
203.6754,42.3840,17.6625,10.3172,0.0008
204.0050,42.3843,17.6625,10.3175,0.0010
204.1154,42.3844,17.6625,10.3175,0.0009
204.2501,42.3845,17.6624,10.3176,0.0012
204.3902,42.3847,17.6624,10.3176,0.0012
204.5256,42.3849,17.6624,10.3178,0.0014
204.8589,42.3853,17.6623,10.3178,0.0014
204.9651,42.3855,17.6623,10.3182,0.0019
205.1007,42.3858,17.6622,10.3182,0.0016
205.2350,42.3860,17.6622,10.3181,0.0020
205.3704,42.3862,17.6621,10.3182,0.0015
205.7037,42.3859,17.6622,10.3176,0.0009
205.8046,42.3859,17.6622,10.3174,0.0009
205.9391,42.3857,17.6622,10.3174,0.0010
206.0748,42.3856,17.6622,10.3175,0.0011
206.2094,42.3854,17.6623,10.3174,0.0011
206.5334,42.3850,17.6624,10.3171,0.0012
206.6649,42.4031,17.6517,14.2121,0.1626
206.7990,42.4323,17.6394,25.7642,0.2355
206.9391,42.4892,17.5887,39.3523,0.5446
207.0795,42.5025,17.5884,41.2954,0.0955
207.4084,42.5028,17.5882,41.3129,0.0011
207.5471,42.5025,17.5876,41.3155,0.0046
207.6841,42.5029,17.5873,41.3153,0.0034
207.8252,42.5034,17.5869,41.3153,0.0046
207.9672,42.5038,17.5865,41.3155,0.0042
208.3006,42.5049,17.5855,41.3156,0.0043
208.4015,42.5053,17.5852,41.3156,0.0048
208.5408,42.5058,17.5847,41.3160,0.0050
208.6866,42.5064,17.5842,41.3164,0.0054
208.8300,42.5067,17.5839,41.3166,0.0035
209.1341,42.5073,17.5834,41.3173,0.0025
209.2631,42.5074,17.5831,41.3081,0.0021
209.4075,42.5076,17.5830,41.3133,0.0016
209.5504,42.5077,17.5829,41.3153,0.0011
209.9516,42.5079,17.5827,41.3156,0.0007
210.0615,42.5079,17.5827,41.3157,0.0004
210.2031,42.5080,17.5827,41.3156,0.0004
210.3080,42.5080,17.5826,41.3157,0.0004
210.4493,42.6391,17.4687,41.1791,1.2297
210.7995,43.1117,17.0542,41.1845,1.7952
210.9229,43.2795,16.9090,41.1654,1.7981
211.0666,43.5022,16.7140,41.1502,2.0593
211.2090,43.6932,16.5419,41.0620,1.8060
211.3494,43.8893,16.3704,41.0696,1.8561
211.6747,44.2776,16.0042,39.7355,1.6421
211.7820,44.2664,15.9694,36.8372,0.4535
211.9183,44.2683,15.9657,36.5664,0.0996
212.0601,44.2651,15.9783,36.6134,0.1388
212.2010,44.2628,15.9945,36.8205,0.1494
212.5336,44.2641,15.9990,36.8446,0.0195
212.6338,44.2655,16.0004,36.8603,0.0290
212.7779,44.2686,16.0029,36.8780,0.0377
212.9176,44.2716,16.0054,36.8910,0.0392
213.0597,44.2727,16.0064,36.8946,0.0161
213.3874,44.2743,16.0084,36.8773,0.0111
213.4942,44.2762,16.0095,36.8942,0.0299
213.6345,44.2801,16.0113,36.9155,0.0426
213.7756,44.2800,16.0116,36.9040,0.0029
213.9147,44.2797,16.0119,36.9039,0.0027
214.2481,44.2790,16.0124,36.9044,0.0026
214.3486,44.2788,16.0125,36.9042,0.0024
214.4856,44.2786,16.0127,36.9047,0.0023
214.6284,44.2783,16.0129,36.9049,0.0021
214.7701,44.2781,16.0131,36.9048,0.0020
215.0960,44.2776,16.0135,36.9053,0.0019
215.2047,44.2951,16.0567,34.3255,0.4614
215.3417,44.3131,16.1093,36.4970,0.4122
215.4814,44.3070,16.1083,40.7593,0.0440
215.6226,44.2764,16.0811,44.3541,0.2928
215.9559,44.2766,16.0793,44.8295,0.0111
216.0775,44.2768,16.0794,44.8251,0.0016
216.2150,44.2767,16.0795,44.8253,0.0011
216.3544,44.2766,16.0796,44.8254,0.0010
216.4940,44.2765,16.0797,44.8252,0.0009
216.8274,44.2763,16.0799,44.8252,0.0009
216.9687,44.2762,16.0800,44.8251,0.0009
217.1175,44.2761,16.0800,44.8250,0.0007
217.2603,44.2760,16.0801,44.8250,0.0008
217.6577,44.2758,16.0803,44.8250,0.0007
217.7993,44.3044,16.0432,43.7682,0.3441
217.9444,44.3426,16.0463,44.2259,0.2641
218.0837,44.3426,16.0558,48.7585,0.0847
218.5106,44.3653,16.0088,73.0684,0.1227
218.6678,44.3663,16.0020,76.8984,0.0440
218.8141,44.3664,16.0016,76.8982,0.0033
218.9147,44.3665,16.0013,76.8982,0.0031
219.0617,44.3666,16.0008,76.8981,0.0032
219.3397,44.3668,15.9998,76.8982,0.0036
219.4456,44.3669,15.9994,76.8981,0.0044
219.5816,44.3670,15.9989,76.8979,0.0035
219.7213,44.3671,15.9983,76.8976,0.0042
219.8610,44.3672,15.9977,76.8975,0.0045
220.1942,44.3672,15.9968,76.8968,0.0027
220.3223,44.3672,15.9968,76.8966,0.0004
220.4660,44.3672,15.9967,76.8965,0.0005
220.6045,44.3672,15.9967,76.8967,0.0004
220.7439,44.3672,15.9966,76.8966,0.0004
221.0228,44.3672,15.9965,76.8963,0.0004
221.1272,44.3672,15.9964,76.8965,0.0006
221.2666,44.3673,15.9963,76.8966,0.0005
221.4097,44.3673,15.9963,76.8967,0.0005
221.5480,44.3673,15.9962,76.8968,0.0006
221.8696,44.3673,15.9960,76.8968,0.0006
221.9835,44.3793,16.0003,80.5496,0.1147
222.1215,44.3714,15.9643,91.9524,0.2676
222.2618,44.3678,15.9288,103.8594,0.2574
222.4025,44.3665,15.9249,106.6110,0.0504
222.7456,44.3462,15.9382,105.9158,0.0707
222.8745,44.3427,15.9506,106.7170,0.1002
223.0181,44.3428,15.9510,106.7176,0.0031
223.1592,44.3429,15.9515,106.7174,0.0032
223.3006,44.3430,15.9519,106.7177,0.0030
223.5600,44.3431,15.9522,106.7179,0.0010
223.6925,44.3431,15.9522,106.7186,0.0003
223.8311,44.3431,15.9522,106.7183,0.0001
223.9744,44.3431,15.9522,106.7184,0.0000
224.1152,44.3431,15.9522,106.7182,0.0001
224.4592,44.3431,15.9522,106.7186,0.0000
224.5881,44.3431,15.9522,106.7185,0.0000
224.7290,44.3431,15.9522,106.7186,0.0000
224.8709,44.3431,15.9522,106.7185,0.0000
225.0148,44.3431,15.9522,106.7185,0.0000
225.3420,44.3431,15.9522,106.7183,0.0000
225.4823,44.3431,15.9522,106.7184,0.0000
225.6266,44.3431,15.9522,106.7184,0.0000
225.7675,44.3431,15.9522,106.7184,0.0000
225.9082,44.3304,15.8987,106.6336,0.3919
226.2893,44.1568,15.2923,106.5643,1.6559
226.4865,44.0639,14.9545,106.3233,1.7765
226.6325,44.0233,14.7936,106.4793,1.1364
226.7810,44.0210,14.7933,106.5157,0.0232
226.8826,44.0211,14.7935,106.5158,0.0017
227.1815,44.0212,14.7940,106.5164,0.0018
227.3229,44.0213,14.7942,106.5165,0.0017
227.4235,44.0213,14.7944,106.5169,0.0016
227.5272,44.0214,14.7946,106.5170,0.0020
227.6276,44.0214,14.7948,106.5172,0.0018
227.7287,44.0215,14.7949,106.5174,0.0017
227.9872,44.0216,14.7954,106.5183,0.0019
228.1205,44.0217,14.7956,106.5184,0.0017
228.2236,44.0217,14.7958,106.5182,0.0019
228.3719,44.0218,14.7961,106.5188,0.0022
228.4733,44.0219,14.7963,106.5191,0.0020
228.7904,44.0221,14.7969,106.5181,0.0020
228.9413,44.0221,14.7972,106.5178,0.0017
229.0813,44.0222,14.7974,106.5177,0.0017
229.2241,44.0223,14.7977,106.5178,0.0019
229.3664,44.0224,14.7980,106.5176,0.0024
229.6820,44.0226,14.7987,106.5176,0.0024
229.8149,44.0227,14.7991,106.5182,0.0031
229.9543,44.0228,14.7995,106.5182,0.0030
230.0948,44.0229,14.7999,106.5171,0.0030
230.2372,44.0231,14.8004,106.5169,0.0033
230.5632,44.0233,14.8014,106.5173,0.0034
230.6870,44.0235,14.8019,106.5147,0.0043
230.8254,44.0235,14.8025,106.5144,0.0043
230.9682,44.0235,14.8028,106.5139,0.0020
231.1122,44.0236,14.8031,106.5133,0.0019
231.4713,44.0237,14.8033,106.5132,0.0008
231.5978,44.0237,14.8034,106.5133,0.0006
231.7359,44.0237,14.8035,106.5136,0.0007
231.8772,44.0237,14.8036,106.5133,0.0010
232.0194,44.0238,14.8038,106.5132,0.0011
232.3993,44.0239,14.8043,106.5142,0.0014
232.5251,44.0240,14.8045,106.5142,0.0017
232.6633,44.0240,14.8046,106.5146,0.0011
232.8049,44.0240,14.8048,106.5144,0.0010
232.9482,44.0241,14.8049,106.5146,0.0009
233.2922,44.0124,14.7655,106.8128,0.1196
233.4173,43.9801,14.6769,106.6548,0.7542
233.5239,43.9746,14.6641,106.6587,0.1328
233.6682,43.9759,14.6650,106.6625,0.0121
233.8107,43.9756,14.6643,106.6620,0.0054
234.1648,43.9749,14.6627,106.6608,0.0052
234.3096,43.9746,14.6619,106.6604,0.0057
234.4447,43.9742,14.6611,106.6589,0.0064
234.5876,43.9738,14.6600,106.6578,0.0083
234.7280,43.9733,14.6590,106.6591,0.0080
235.0613,43.9725,14.6571,106.6584,0.0061
235.1961,43.9722,14.6564,106.6554,0.0059
235.3347,43.9721,14.6560,106.6550,0.0031
235.4775,43.9719,14.6556,106.6543,0.0030
235.6197,43.9718,14.6551,106.6533,0.0034
235.9530,43.9713,14.6541,106.6516,0.0034
236.0875,43.9122,14.6262,111.7415,0.4861
236.2273,43.8994,14.5993,114.6128,0.2149
236.3718,43.9026,14.5935,114.2343,0.0473
236.5158,43.9020,14.5923,114.2351,0.0091
236.8363,43.9006,14.5897,114.2360,0.0094
236.9965,43.9000,14.5885,114.2341,0.0084
237.1347,43.8996,14.5876,114.2334,0.0072
237.2767,43.8993,14.5869,114.2346,0.0053
237.4198,43.8989,14.5862,114.2327,0.0056
237.7455,43.8980,14.5841,114.2349,0.0071
237.8734,43.8975,14.5834,114.2355,0.0069
238.0108,43.8971,14.5828,114.2368,0.0051
238.1548,43.8970,14.5824,114.2354,0.0031
238.2978,43.8968,14.5821,114.2351,0.0024
238.6311,43.8964,14.5813,114.2360,0.0025
238.7712,43.8963,14.5811,114.2356,0.0015
238.9147,43.8963,14.5811,114.2365,0.0006
239.0564,43.8963,14.5810,114.2364,0.0006
239.1992,43.8962,14.5809,114.2367,0.0005
239.5086,43.8962,14.5809,114.2367,0.0002
239.6349,43.8962,14.5809,114.2363,0.0000
239.7722,43.8962,14.5809,114.2368,0.0000
239.9154,43.8396,14.5076,117.2150,0.6476
240.0587,43.7802,14.4493,123.1735,0.5813
240.3921,43.5341,14.2888,154.0121,0.8833
240.5340,43.4625,14.3130,160.2576,0.5367
240.6725,43.4676,14.3095,160.2174,0.0540
240.8169,43.4683,14.3096,160.2206,0.0051
240.9585,43.4688,14.3098,160.2206,0.0033
241.2910,43.4699,14.3101,160.2205,0.0036
241.4515,43.4704,14.3103,160.2207,0.0033
241.5897,43.4708,14.3104,160.2209,0.0033
241.7331,43.4713,14.3106,160.2282,0.0033
242.1606,43.4720,14.3109,160.2261,0.0020
242.3220,43.4722,14.3110,160.2262,0.0010
242.4642,43.4723,14.3110,160.2263,0.0009
242.6066,43.4724,14.3111,160.2262,0.0009
242.7489,43.4725,14.3111,160.2263,0.0008
243.0542,43.4727,14.3112,160.2264,0.0006
243.1824,43.4728,14.3112,160.2263,0.0004
243.3188,43.4728,14.3112,160.2265,0.0005
243.4616,43.4729,14.3112,160.2265,0.0004
243.6033,43.4729,14.3112,160.2264,0.0004
243.9197,43.4731,14.3113,160.2263,0.0005
244.0737,43.4732,14.3113,160.2264,0.0006
244.2133,43.4733,14.3114,160.2258,0.0006
244.3566,43.4734,14.3114,160.2258,0.0010
244.4988,43.3206,14.2594,159.8203,1.1357
244.7800,42.8191,14.0759,159.4941,1.8994
244.9182,42.5811,13.9901,159.5821,1.8302
245.0603,42.4062,13.9395,159.7766,1.2810
245.2028,42.3999,13.9371,159.7721,0.0600
245.3431,42.3993,13.9368,159.7716,0.0044
245.6431,42.3984,13.9366,159.7773,0.0031
245.8181,42.3980,13.9365,159.7801,0.0022
245.9588,42.3978,13.9365,159.7803,0.0019
246.1011,42.3976,13.9364,159.7805,0.0013
246.4978,42.3973,13.9363,159.7815,0.0007
246.6446,42.3973,13.9363,159.7816,0.0004
246.7907,42.3973,13.9363,159.7830,0.0002
246.9370,42.3971,13.9363,159.7825,0.0010
247.3539,42.3968,13.9361,159.7800,0.0008
247.5146,42.3967,13.9361,159.7806,0.0009
247.6563,42.3966,13.9360,159.7815,0.0008
247.7995,42.3965,13.9360,159.7815,0.0006
247.9436,42.3964,13.9360,159.7824,0.0007
248.2770,42.3962,13.9359,159.7820,0.0007
248.4205,42.3961,13.9359,159.7829,0.0009
248.5620,42.3959,13.9359,159.7824,0.0017
248.7078,42.3957,13.9359,159.7825,0.0012
248.8553,42.3956,13.9358,159.7818,0.0007
249.1560,42.3954,13.9358,159.7821,0.0008
249.3263,42.3953,13.9357,159.7823,0.0006
249.4758,42.3952,13.9357,159.7823,0.0005
249.5824,42.3952,13.9357,159.7822,0.0004
249.7259,42.3951,13.9357,159.7824,0.0005
250.0508,42.3950,13.9356,159.7826,0.0003
250.2087,42.3950,13.9356,159.7826,0.0002
250.3444,42.2893,13.9001,156.0970,0.8286
250.4867,42.2447,13.9013,154.2187,0.3228
250.6261,42.2446,13.9013,154.2193,0.0004
250.9595,42.2444,13.9012,154.2188,0.0008
251.1109,42.2443,13.9011,154.2197,0.0010
251.2500,42.2441,13.9010,154.2195,0.0011
251.3931,42.2440,13.9009,154.2193,0.0010
251.7918,42.2437,13.9007,154.2194,0.0010
251.9760,42.2436,13.9007,154.2192,0.0008
252.1236,42.2434,13.9006,154.2189,0.0011
252.2673,42.2432,13.9005,154.2195,0.0019
252.4111,42.2430,13.9003,154.2191,0.0018
252.6839,42.2426,13.9001,154.2189,0.0017
252.8446,42.2423,13.9000,154.2196,0.0016
252.9863,42.2421,13.8999,154.2195,0.0017
253.1292,42.2419,13.8998,154.2204,0.0014
253.2762,42.2418,13.8997,154.2203,0.0014
253.5875,42.2414,13.8994,154.2223,0.0014
253.7479,42.2412,13.8994,154.2208,0.0012
253.8858,42.2411,13.8993,154.2224,0.0014
254.0298,42.2409,13.8992,154.2213,0.0014
254.4542,41.5985,13.5782,154.7003,1.6919
254.5688,41.3875,13.4883,154.8121,2.0012
254.7227,41.1529,13.3712,154.7067,1.7043
254.8303,41.1023,13.3477,154.6893,0.5192
254.9771,41.1025,13.3478,154.6901,0.0013
255.2453,41.1027,13.3479,154.6906,0.0011
255.3824,41.1028,13.3480,154.6905,0.0006
255.4850,41.1029,13.3480,154.6903,0.0007
255.5948,41.1029,13.3480,154.6904,0.0005
255.7005,41.1030,13.3480,154.6902,0.0005
255.8015,41.1030,13.3481,154.6903,0.0004
256.0189,41.1030,13.3481,154.6902,0.0001
256.1444,41.1030,13.3481,154.6902,0.0000
256.2455,41.1030,13.3481,154.6903,0.0001
256.3464,41.1030,13.3481,154.6902,0.0000
256.4927,41.1030,13.3481,154.6903,0.0000
256.7693,41.1030,13.3481,154.6902,0.0000
256.8971,41.1030,13.3481,154.6903,0.0000
257.0432,41.1030,13.3481,154.6902,0.0000
257.1509,41.1030,13.3481,154.6903,0.0000
257.2948,41.1030,13.3481,154.6901,0.0000
257.5535,41.1030,13.3481,154.6902,0.0000
257.6962,41.1030,13.3481,154.6902,0.0000
257.8367,41.1030,13.3481,154.6903,0.0000
257.9828,41.1030,13.3481,154.6902,0.0000
258.4055,41.1030,13.3481,154.6902,0.0000
258.5481,41.1030,13.3481,154.6903,0.0000
258.6864,40.9379,13.2729,154.5874,1.3117
258.8287,40.6943,13.1594,154.5869,1.8884
258.9678,40.4519,13.0475,154.5719,1.9198
259.2881,39.7876,12.7531,155.5319,2.3294
259.3899,39.5750,12.6589,155.6807,2.3757
259.5349,39.3005,12.5353,155.7324,2.2255
259.6754,39.0690,12.4268,155.4098,2.1234
260.0551,38.4919,12.1324,155.2589,1.9673
260.1757,38.3151,12.0413,155.4033,1.9311
260.3161,38.1012,11.9276,155.1908,1.9635
260.4606,37.8916,11.8174,155.2562,1.9010
260.7940,37.3733,11.5454,155.2308,2.0068
260.9370,37.2525,11.4763,154.9183,1.1102
261.0755,37.2505,11.4760,154.9980,0.0251
261.2174,37.2487,11.4748,154.9801,0.0160
261.5508,37.2452,11.4723,154.9328,0.0135
261.6633,37.2443,11.4716,154.9196,0.0112
261.8013,37.2428,11.4705,154.8998,0.0134
261.9440,37.2414,11.4694,154.8734,0.0140
262.2779,37.2381,11.4668,154.8204,0.0130
262.3961,37.2368,11.4658,154.8021,0.0147
262.5389,37.2351,11.4645,154.7819,0.0164
262.6795,37.2331,11.4632,154.7653,0.0175
262.9054,37.2299,11.4612,154.7527,0.0180
263.0403,37.2282,11.4601,154.7407,0.0166
263.1820,37.2261,11.4587,154.7267,0.0192
263.5481,37.2214,11.4557,154.6985,0.0164
263.6557,37.2201,11.4550,154.7017,0.0144
263.7967,37.1943,11.4399,154.6327,0.2197
263.9395,37.0130,11.3440,154.4072,1.5458
264.1394,36.7288,11.1978,154.5080,1.7311
264.2498,36.5544,11.1102,154.4824,1.9126
264.3887,36.3268,10.9708,153.5050,2.0052
264.5302,36.0970,10.8539,153.4712,1.8898
264.8184,35.6564,10.6437,153.7337,1.7256
264.9222,35.5573,10.6085,153.4433,1.0408
265.0608,35.5469,10.6025,153.3557,0.1012
265.1980,35.5483,10.6013,153.3443,0.0174
265.4175,35.5468,10.6002,153.3377,0.0085
265.5365,35.5459,10.5997,153.3351,0.0089
265.6699,35.5448,10.5989,153.3314,0.0105
265.8085,35.5436,10.5981,153.3246,0.0107
266.0517,35.5420,10.5975,153.3292,0.0071
266.1757,35.5412,10.5973,153.3322,0.0067
266.3094,35.5405,10.5970,153.3295,0.0057
266.4455,35.5397,10.5966,153.3309,0.0063
266.8202,35.5356,10.5946,153.3265,0.0124
266.9427,35.5347,10.5942,153.3261,0.0078
267.0772,35.5337,10.5937,153.3273,0.0088
267.2140,35.5327,10.5932,153.3242,0.0081
267.5851,35.5296,10.5916,153.3165,0.0097
267.7245,35.5285,10.5910,153.3154,0.0090
267.8642,35.4846,10.5642,154.8237,0.3718
268.0008,35.3807,10.5180,161.8174,0.8338
268.3822,35.0776,10.4868,188.5016,0.8072
268.5322,34.9907,10.4887,193.4322,0.6061
268.6656,34.9904,10.4838,193.3312,0.0556
268.8019,34.9892,10.4841,193.3303,0.0092
269.2201,34.9849,10.4853,193.3425,0.0109
269.3446,34.9836,10.4856,193.3472,0.0106
269.4773,34.9822,10.4860,193.3563,0.0116
269.6125,34.9809,10.4863,193.3562,0.0093
270.0357,34.9783,10.4868,193.3570,0.0064
270.1486,34.9774,10.4870,193.3580,0.0080
270.2825,34.9764,10.4872,193.3557,0.0079
270.4184,34.9746,10.4875,193.3643,0.0134
270.8240,34.9702,10.4885,193.3708,0.0114
270.9797,34.9686,10.4889,193.3811,0.0104
271.1127,34.9676,10.4891,193.3845,0.0083
271.2465,34.9666,10.4894,193.3862,0.0079
271.6696,34.9632,10.4904,193.3976,0.0084
271.8041,34.8258,10.5175,193.5505,1.0423
271.9366,34.6639,10.5207,195.5809,1.3264
272.0721,34.4660,10.5772,196.1675,1.5223
272.2109,34.2315,10.6933,195.7713,1.9383
272.5022,33.6297,10.7637,198.2151,2.1633
272.6344,33.3927,10.8478,200.4138,1.9353
272.7672,33.1911,10.9450,200.8467,1.7498
272.9018,32.9723,11.0381,200.9412,1.7870
273.0367,32.7391,11.1402,201.2301,1.8954
273.3016,32.2793,11.3165,200.5798,1.8735
273.4182,32.0569,11.3975,200.5061,2.0807
273.5538,31.7847,11.4691,199.8343,2.1113
273.6873,31.5418,11.5340,198.7387,1.9125
273.8202,31.3681,11.5896,198.6608,1.3770
274.1396,30.8913,11.6925,196.9815,1.5274
274.2733,30.6965,11.7097,195.6732,1.4684
274.4075,30.4657,11.7312,194.2337,1.7358
274.5440,30.2458,11.7554,192.3598,1.6289
274.6816,29.9765,11.7578,191.1753,1.9711
274.9507,29.8236,11.7236,186.9439,0.6347
275.0641,29.8223,11.7239,186.9355,0.0121
275.1961,29.8213,11.7254,186.9594,0.0153
275.3285,29.8203,11.7262,186.9506,0.0104
275.4628,29.8195,11.7268,186.9409,0.0084
275.7961,29.8180,11.7298,186.9384,0.0119
275.9518,29.8176,11.7318,186.9476,0.0149
276.0872,29.8165,11.7322,186.9503,0.0090
276.2211,29.8154,11.7324,186.9482,0.0087
276.3557,29.8143,11.7327,186.9464,0.0086
276.6663,29.8112,11.7334,186.9452,0.0104
276.8159,29.8097,11.7334,186.9312,0.0098
276.9465,29.8080,11.7335,186.9152,0.0133
277.0811,29.8064,11.7336,186.9100,0.0124
277.2140,29.8046,11.7336,186.8873,0.0135
277.5435,29.8001,11.7334,186.7926,0.0140
277.6861,29.7985,11.7333,186.7203,0.0115
277.8190,29.7970,11.7333,186.7272,0.0119
277.9518,29.7958,11.7332,186.7118,0.0094
278.0857,29.7944,11.7333,186.7094,0.0104
278.4190,29.7915,11.7334,186.7020,0.0088
278.5689,29.5977,11.6692,176.5131,1.3727
278.7004,29.4296,11.6173,164.0876,1.3579
278.8369,29.2735,11.5891,150.5272,1.1800
278.9745,29.2131,11.5900,149.2569,0.4603
279.3078,29.1297,11.6127,151.4272,0.2619
279.4340,29.0991,11.6226,152.4657,0.2733
279.5686,29.0630,11.6358,154.0865,0.3158
279.7073,29.0387,11.6430,155.3190,0.2062
279.8456,29.0428,11.6387,154.9442,0.0686
280.1789,29.0454,11.6313,154.3727,0.0460
280.3008,29.0482,11.6286,154.1163,0.0547
280.4365,29.0534,11.6246,153.7015,0.0795
280.5738,29.0588,11.6202,153.2390,0.0909
280.7130,29.0652,11.6163,152.7498,0.0923
281.0464,29.0601,11.6150,152.7657,0.0169
281.2048,29.0576,11.6146,152.7894,0.0170
281.3396,29.0555,11.6142,152.8018,0.0166
281.4794,29.0530,11.6136,152.8178,0.0197
281.6179,29.0504,11.6130,152.8276,0.0210
281.8981,29.0449,11.6116,152.8624,0.0215
282.0087,29.0426,11.6111,152.8729,0.0231
282.1497,29.0399,11.6106,152.8984,0.0204
282.2877,29.0378,11.6103,152.9278,0.0161
282.4248,29.0356,11.6099,152.9413,0.0176
282.6762,29.0324,11.6093,152.9666,0.0135
282.7932,29.0307,11.6090,152.9779,0.0151
282.9296,29.0286,11.6085,152.9883,0.0169
283.0680,29.0264,11.6081,152.9969,0.0174
283.2052,29.0238,11.6077,153.0121,0.0201
283.5287,29.0182,11.6065,153.0549,0.0191
283.6648,29.0160,11.6059,153.0584,0.0181
283.8033,28.9434,11.5928,154.2379,0.5423
283.9454,28.7143,11.5247,156.7074,1.6988
284.0815,28.5498,11.4532,157.5330,1.3214
284.3234,28.2432,11.3450,157.6900,1.3443
284.4570,28.0426,11.3201,156.5244,1.5468
284.5914,27.8286,11.2152,158.6736,1.7801
284.7270,27.5369,11.0598,160.6086,2.4701
284.8645,27.3106,10.9317,160.9512,1.9004
285.1969,26.8935,10.7219,167.7244,1.4050
285.3386,26.8418,10.6288,175.9245,0.8396
285.4731,26.8285,10.5809,181.6134,0.9287
285.6155,26.8049,10.5778,187.4777,0.6084
285.7518,26.7844,10.6172,192.2663,0.4694
286.0350,26.6021,10.6803,202.2980,0.7485
286.1464,26.5251,10.6530,209.3659,0.7687
286.2792,26.5075,10.6554,211.9138,0.1339
286.4130,26.5000,10.6710,213.0559,0.1348
286.5511,26.4969,10.6726,213.4144,0.0253
286.8743,26.4986,10.6730,213.2911,0.0061
287.0134,26.4982,10.6736,213.3543,0.0051
287.1470,26.4972,10.6747,213.4935,0.0118
287.2821,26.4945,10.6764,213.7984,0.0231
287.4172,26.4924,10.6782,214.0424,0.0206
287.7279,26.4893,10.6795,214.4564,0.0113
287.8565,26.4873,10.6812,214.6815,0.0203
287.9927,26.4843,10.6824,215.0007,0.0240
288.1295,26.4834,10.6830,215.0799,0.0075
288.2641,26.4838,10.6834,215.0331,0.0043
288.5974,26.4857,10.6841,214.8295,0.0070
288.7064,26.4861,10.6842,214.7992,0.0043
288.8403,26.5379,10.6752,214.6970,0.4231
288.9775,26.5672,10.6868,214.1282,0.3849
289.1142,26.5804,10.7312,214.3418,1.4762
289.4179,26.6625,10.5371,212.2252,0.6957
289.5382,26.6916,10.5321,212.5856,0.2469
289.6694,26.7010,10.5342,212.7565,0.0966
289.8016,26.7088,10.5366,212.9102,0.0721
289.9370,26.7189,10.5386,213.0936,0.0887
290.2884,26.7345,10.5426,213.4068,0.0554
290.4082,26.7371,10.5443,213.4706,0.0342
290.5402,26.7396,10.5460,213.5366,0.0309
290.6741,26.7424,10.5479,213.6059,0.0353
290.8085,26.7447,10.5496,213.6642,0.0272
291.1430,26.7428,10.5506,213.6582,0.0064
291.3404,26.7416,10.5512,213.6604,0.0070
291.4814,26.7406,10.5517,213.6638,0.0077
291.6163,26.7396,10.5522,213.6656,0.0086
291.7498,26.7383,10.5530,213.6745,0.0111
292.0390,26.7354,10.5545,213.6823,0.0113
292.2043,26.7358,10.5544,213.6802,0.0029
292.3353,26.7362,10.5542,213.6804,0.0033
292.4740,26.7365,10.5540,213.6805,0.0024
292.6086,26.7367,10.5539,213.6795,0.0018
292.9725,26.7370,10.5537,213.6785,0.0011
293.0935,26.7371,10.5536,213.6782,0.0008
293.2253,26.7372,10.5536,213.6780,0.0007
293.3582,26.7373,10.5535,213.6779,0.0005
293.4928,26.7373,10.5535,213.6778,0.0005
293.8712,26.7375,10.5534,213.6759,0.0004
294.0475,26.7376,10.5534,213.6761,0.0006
294.1816,26.7376,10.5534,213.6761,0.0004
294.3164,26.7376,10.5533,213.6761,0.0003
294.4505,26.7377,10.5533,213.6759,0.0003
294.8280,26.7377,10.5533,213.6761,0.0002
294.9727,26.7377,10.5533,213.6759,0.0001
295.1049,26.7377,10.5533,213.6760,0.0001
295.2407,26.7374,10.5533,213.6832,0.0050
295.3728,26.7364,10.5503,213.5548,0.0248
295.7502,26.6292,10.6247,203.2285,0.3534
295.8754,26.6636,10.6782,200.1264,0.5135
296.0153,26.6538,10.6972,198.9536,0.2398
296.1567,26.6536,10.6972,198.7800,0.0012
296.2934,26.6536,10.6972,198.7003,0.0006
296.6607,26.6539,10.6966,198.4528,0.0016
296.7866,26.6539,10.6966,198.3403,0.0003
296.9170,26.6540,10.6966,198.2776,0.0005
297.0498,26.6540,10.6966,198.2375,0.0003
297.1815,26.6540,10.6966,198.2183,0.0001
297.5148,26.6540,10.6966,198.1973,0.0000
297.6814,26.6539,10.6966,198.1962,0.0002
297.8139,26.6539,10.6965,198.1748,0.0004
297.9459,26.6539,10.6965,198.1667,0.0001
298.0774,26.6539,10.6965,198.1622,0.0001
298.4107,26.6542,10.6963,198.1287,0.0012
298.5451,26.6542,10.6963,198.1279,0.0000
298.6786,26.6542,10.6963,198.1278,0.0000
298.8102,26.6542,10.6963,198.1279,0.0000
299.2315,26.6542,10.6963,198.1279,0.0000
299.3813,26.6812,10.6787,195.5405,0.2163
299.5116,26.6797,10.6807,195.3416,0.0188
299.6441,26.6802,10.6817,195.2541,0.0093
299.7745,26.6802,10.6817,195.2534,0.0001
300.0759,26.6802,10.6817,195.2534,0.0000
300.1879,26.6802,10.6817,195.2534,0.0000
300.3192,26.6802,10.6817,195.2534,0.0000
300.4514,26.6802,10.6817,195.2534,0.0000
300.5835,26.6802,10.6817,195.2534,0.0000
300.8989,26.6802,10.6817,195.2534,0.0000
301.0276,26.6802,10.6817,195.2534,0.0000
301.1562,26.6802,10.6817,195.2534,0.0000
301.2915,26.6802,10.6817,195.2534,0.0000
301.4251,26.6802,10.6817,195.2534,0.0000
301.7514,26.6802,10.6817,195.2535,0.0000
301.8998,26.6802,10.6817,195.2534,0.0000
302.0272,26.6802,10.6817,195.2534,0.0000
302.1577,26.6802,10.6817,195.2534,0.0000
302.2894,26.6802,10.6817,195.2534,0.0000
302.6672,26.6802,10.6817,195.2534,0.0000
302.8169,26.8152,10.6576,196.1615,0.9302
302.9492,26.9138,10.6197,196.8956,0.7988
303.0955,26.9233,10.6057,196.8654,0.1265
303.2421,26.9199,10.6117,196.8963,0.0573
303.5754,26.9205,10.6116,196.8979,0.0018
303.6898,26.9206,10.6116,196.8972,0.0013
303.8213,26.9257,10.6102,196.9121,0.0397
303.9525,26.9262,10.6100,196.9234,0.0041
304.0831,26.9260,10.6100,196.9292,0.0009
304.4164,26.9259,10.6100,196.9293,0.0004
304.5770,27.0730,10.5654,198.4213,0.9576
304.7086,27.3062,10.4800,199.9232,1.8867
304.8474,27.5182,10.4026,199.9831,1.6305
304.9850,27.5753,10.3897,200.4621,0.4321
305.3285,27.5678,10.3929,200.5389,0.0283
305.4397,27.5668,10.3933,200.5393,0.0095
305.5768,27.5656,10.3938,200.5428,0.0100
305.7150,27.5646,10.3942,200.5431,0.0081
306.1388,27.5621,10.3950,200.5454,0.0061
306.2677,27.5616,10.3952,200.5479,0.0049
306.4030,27.5646,10.3952,199.6977,0.0227
306.5386,27.5637,10.4037,198.6419,0.0633
306.6747,27.5626,10.4136,197.5417,0.0734
307.0080,27.5576,10.4193,196.6732,0.0241
307.1743,27.5449,10.4217,193.6730,0.0825
307.3089,27.5452,10.4220,193.6687,0.0029
307.4445,27.5452,10.4220,193.6672,0.0000
307.5814,27.5452,10.4220,193.6665,0.0000
307.9147,27.5452,10.4220,193.6662,0.0000
308.0434,27.5452,10.4220,193.6660,0.0000
308.1779,27.5452,10.4220,193.6660,0.0000
308.3147,27.5452,10.4220,193.6658,0.0000
308.4511,27.5452,10.4220,193.6658,0.0000
308.7844,27.5452,10.4220,193.6658,0.0000
308.9184,27.5453,10.4213,193.7200,0.0069
309.0533,27.5453,10.4213,193.7405,0.0003
309.1906,27.5453,10.4212,193.7477,0.0001
309.3294,27.5453,10.4212,193.7504,0.0000
309.6457,27.5453,10.4212,193.7511,0.0000
309.7968,27.5312,10.4318,180.3149,0.1760
309.9284,27.5146,10.4182,165.6912,0.1766
310.0633,27.5129,10.4211,165.2391,0.0429
310.2037,27.5118,10.4209,165.2273,0.0128
310.4933,27.5119,10.4210,165.3294,0.0006
310.6231,27.5119,10.4210,165.3435,0.0002
310.7628,27.5119,10.4210,165.3531,0.0001
310.9009,27.5119,10.4210,165.3575,0.0001
311.2599,27.5119,10.4210,165.3616,0.0000
311.4035,27.5119,10.4210,165.3615,0.0001
311.5382,27.5119,10.4210,165.3610,0.0000
311.6740,27.5119,10.4210,165.3627,0.0001
312.1003,27.5119,10.4210,165.3629,0.0000
312.2268,27.5119,10.4210,165.3624,0.0001
312.3271,27.5119,10.4210,165.3629,0.0001
312.4686,27.5119,10.4210,165.3622,0.0001
312.6065,27.5142,10.4179,165.7759,0.0292
312.9586,27.5140,10.4110,167.0394,0.0195
313.0996,27.5257,10.3724,171.5973,0.3040
313.2332,27.5141,10.3641,173.2600,0.1063
313.3712,27.5141,10.3641,173.2655,0.0006
313.5074,27.5140,10.3641,173.2657,0.0006
313.7430,27.5139,10.3640,173.2661,0.0004
313.8750,27.5138,10.3640,173.2663,0.0004
314.0088,27.5138,10.3640,173.2664,0.0003
314.1420,27.5138,10.3640,173.2666,0.0002
314.5655,27.5137,10.3640,173.2668,0.0002
314.7116,27.5137,10.3640,173.2668,0.0001
314.8441,27.5137,10.3640,173.2667,0.0000
314.9776,27.5137,10.3640,173.2668,0.0000
315.1107,27.5137,10.3640,173.2667,0.0000
315.4440,27.5137,10.3640,173.2668,0.0000
315.5977,27.5137,10.3640,173.2667,0.0000
315.7029,27.5137,10.3640,173.2667,0.0000
315.8060,27.5137,10.3640,173.2667,0.0000
315.9480,27.5137,10.3640,173.2668,0.0000
316.3018,27.5137,10.3640,173.2667,0.0000
316.4584,27.3272,10.3223,174.8427,1.2199
316.5999,27.0265,10.2913,175.5346,2.1446
316.7427,26.6990,10.2914,175.3322,2.2952
316.8886,26.3698,10.2509,175.7024,2.2765
317.1280,25.9364,10.2088,174.1577,1.8532
317.2689,25.7204,10.1991,174.3139,1.5824
317.4110,25.4580,10.1436,174.0470,1.8986
317.5125,25.2507,10.1056,174.1860,2.1192
317.6146,25.0377,10.0943,173.9864,2.1567
317.9930,24.3168,10.0118,173.8590,1.9481
318.1300,24.0768,9.9763,174.5235,1.8395
318.2669,23.8494,9.9302,174.2014,1.7035
318.4034,23.6416,9.8930,173.3464,1.5534
318.8257,22.8036,9.7987,172.7762,2.0045
318.9720,22.5207,9.7522,172.9328,1.9691
319.1082,22.2531,9.7320,173.2451,1.9751
319.2501,22.1769,9.6956,173.7036,0.6002
319.3960,22.1843,9.7017,173.7548,0.0708
319.6596,22.1999,9.7127,173.8162,0.0760
319.7625,22.2005,9.7114,173.8024,0.0259
319.9025,22.2015,9.7118,173.8114,0.0078
320.0425,22.2024,9.7121,173.8142,0.0070
320.1771,22.2033,9.7125,173.8161,0.0071
320.4363,22.2045,9.7128,173.8210,0.0049
320.5579,22.2051,9.7130,173.8223,0.0048
320.6908,22.2057,9.7132,173.8257,0.0050
320.8246,22.2062,9.7134,173.8294,0.0044
320.9586,22.2069,9.7138,173.8432,0.0061
321.2887,22.2082,9.7142,173.8398,0.0043
321.4027,22.2085,9.7143,173.8397,0.0025
321.5483,22.2089,9.7144,173.8406,0.0027
321.6861,22.2092,9.7145,173.8404,0.0026
321.8200,22.2095,9.7145,173.8400,0.0023
322.1181,22.2102,9.7147,173.8394,0.0023
322.2694,22.2106,9.7148,173.8391,0.0025
322.4034,22.2108,9.7148,173.8390,0.0021
322.5394,22.2112,9.7149,173.8372,0.0030
322.6743,22.2117,9.7150,173.8364,0.0039
323.0068,22.2129,9.7153,173.8339,0.0035
323.1177,22.2132,9.7154,173.8302,0.0033
323.2504,22.2116,9.7183,174.2723,0.0248
323.3840,22.2109,9.7245,175.3103,0.0470
323.8092,21.9347,9.6098,136.7591,0.7153
323.9266,21.8914,9.5837,127.7178,0.4377
324.0667,21.8984,9.5851,127.2844,0.0586
324.1685,21.9081,9.5871,127.2891,0.0985
324.2741,21.9170,9.5882,127.2525,0.0858
324.3836,21.9166,9.5890,127.4252,0.0187
324.6572,21.9175,9.5925,127.8195,0.0198
324.7685,21.9316,9.6087,129.5832,0.1950
324.9069,21.9367,9.6229,130.3083,0.1174
325.0430,21.9395,9.6171,130.1138,0.0579
325.1815,21.9430,9.6213,129.9039,0.0401
325.5050,21.9412,9.6196,129.9190,0.0078
325.6372,21.9405,9.6190,129.9212,0.0068
325.7736,21.9398,9.6183,129.9227,0.0075
325.9098,21.9390,9.6176,129.9270,0.0080
326.3240,21.9368,9.6155,129.9302,0.0074
326.4562,21.9360,9.6146,129.9301,0.0092
326.5925,21.9351,9.6137,129.9323,0.0091
326.7303,21.9347,9.6130,129.9301,0.0065
326.8682,21.9343,9.6125,129.9247,0.0044
327.1016,21.9336,9.6116,129.9248,0.0047
327.2252,21.9331,9.6111,129.9256,0.0056
327.3599,21.9327,9.6107,129.9263,0.0044
327.4977,21.9265,9.6043,129.8957,0.0654
327.6358,21.7960,9.4818,129.9431,1.2976
327.9160,21.4628,9.1097,129.8946,1.7938
328.0357,21.3416,8.9380,129.7626,1.7859
328.1690,21.1583,8.7519,130.0117,1.9606
328.3059,20.9767,8.5621,130.3242,1.9183
328.4422,20.8460,8.3830,130.2576,1.6322
328.7360,20.7011,8.2048,144.6455,0.8596
328.8716,20.6525,8.1827,147.3065,0.3956
329.0110,20.6547,8.1922,147.0891,0.0859
329.1469,20.6573,8.1940,147.0844,0.0565
329.5599,20.6629,8.1798,147.5506,0.0488
329.6945,20.6644,8.1764,147.6627,0.0387
329.8311,20.6663,8.1759,147.7110,0.0185
329.9692,20.6683,8.1760,147.7366,0.0176
330.3931,20.6745,8.1736,147.8792,0.0216
330.5338,20.6766,8.1716,147.9418,0.0315
330.6689,20.6781,8.1703,147.9975,0.0239
330.8075,20.6798,8.1706,148.0111,0.0151
330.9452,20.6815,8.1712,148.0258,0.0156
331.2567,20.6854,8.1727,148.0436,0.0157
331.3681,20.6871,8.1728,148.0659,0.0200
331.5031,20.6886,8.1725,148.0968,0.0153
331.6405,20.6905,8.1728,148.1198,0.0182
331.7775,20.6925,8.1732,148.1388,0.0186
332.0727,20.6971,8.1736,148.2052,0.0216
332.1859,20.6986,8.1740,148.2377,0.0200
332.3194,20.7001,8.1747,148.2398,0.0151
332.4559,20.7018,8.1754,148.2570,0.0179
332.8804,20.7059,8.1780,148.2549,0.0142
333.0363,20.7071,8.1789,148.2551,0.0107
333.1720,20.7075,8.1805,148.2627,0.0138
333.3082,20.7082,8.1825,148.3224,0.0177
333.4450,20.7085,8.1852,148.3898,0.0225
333.7513,20.7062,8.1942,148.6563,0.0369
333.8994,20.7547,8.2879,148.4128,0.7398
334.0341,20.9300,8.4229,148.6455,1.6473
334.1717,21.1490,8.5510,148.1134,1.8453
334.3100,21.3684,8.6652,147.6694,1.7884
334.5760,21.4351,8.7004,148.0472,0.2837
334.7208,21.4352,8.7004,148.0479,0.0002
334.8558,21.4352,8.7004,148.0479,0.0002
334.9929,21.4352,8.7004,148.0478,0.0003
335.4164,21.4353,8.7004,148.0479,0.0002
335.5770,21.4353,8.7004,148.0477,0.0003
335.7109,21.4354,8.7005,148.0478,0.0002
335.8471,21.4354,8.7005,148.0477,0.0003
335.9825,21.4354,8.7005,148.0477,0.0002
336.2748,21.4355,8.7005,148.0475,0.0003
336.4354,21.4355,8.7006,148.0475,0.0003
336.5691,21.4356,8.7006,148.0475,0.0003
336.7063,21.4356,8.7006,148.0474,0.0002
337.0948,21.4357,8.7006,148.0474,0.0003
337.2554,21.4357,8.7007,148.0472,0.0003
337.3908,21.4358,8.7007,148.0472,0.0003
337.5285,21.4343,8.6999,148.0475,0.0119
337.6630,21.3653,8.6664,150.2997,0.5708
337.9435,21.2014,8.5922,161.0802,0.6425
338.0701,21.1697,8.5914,162.9466,0.2607
338.2025,21.1703,8.5944,162.9455,0.0362
338.3364,21.1706,8.5942,163.0072,0.0030
338.7590,21.1707,8.5941,163.0937,0.0002
338.9195,21.1793,8.5967,175.9535,0.0602
339.0599,21.1818,8.5905,192.3385,0.0576
339.1932,21.1819,8.5958,195.3833,0.0397
339.3251,21.1820,8.5958,195.2701,0.0009
339.6585,21.1822,8.5959,195.0721,0.0008
339.8025,21.1822,8.5959,195.0057,0.0006
339.9328,21.1914,8.5916,195.6893,0.0780
340.0644,21.1941,8.5920,195.6798,0.0206
340.4860,21.1947,8.5908,195.5824,0.0047
340.6529,21.1962,8.5907,195.5869,0.0092
340.7825,21.1960,8.5907,195.5862,0.0017
340.9139,21.1958,8.5908,195.5858,0.0018
341.3342,21.1952,8.5910,195.5847,0.0015
341.4580,21.1950,8.5911,195.5845,0.0013
341.5905,21.1949,8.5911,195.5843,0.0013
341.7220,21.1948,8.5912,195.5840,0.0009
341.8544,21.1946,8.5912,195.5839,0.0010
342.1851,21.1943,8.5913,195.5834,0.0009
342.3274,21.1942,8.5913,195.5831,0.0008
342.4608,21.1941,8.5914,195.5831,0.0007
342.5909,21.1941,8.5914,195.5831,0.0006
343.0116,21.1939,8.5914,195.5865,0.0005
343.1512,21.1938,8.5915,195.5827,0.0004
343.2824,21.1938,8.5915,195.5826,0.0004
343.4156,21.1937,8.5915,195.5863,0.0005
343.8433,21.1936,8.5916,195.5823,0.0003
343.9846,21.1935,8.5916,195.5861,0.0003
344.1170,21.1935,8.5916,195.5823,0.0002
344.2544,21.1150,8.6210,195.5398,0.6123
344.6534,20.4254,8.8241,195.3257,1.8095
344.7780,20.2379,8.8682,195.2308,1.5478
344.9096,20.0372,8.9382,195.4567,1.6224
345.0431,19.8484,8.9974,195.5986,1.5007
345.4648,19.0834,9.1681,195.6214,1.8683
345.6189,18.8292,9.2304,195.5347,1.7248
345.7487,18.5973,9.3158,195.5565,1.9208
345.8833,18.4102,9.3636,195.8190,1.4353
346.3075,18.2760,9.3874,196.0517,0.3214
346.4175,18.2759,9.3875,196.0518,0.0012
346.5502,18.2757,9.3875,196.0519,0.0014
346.6838,18.2755,9.3875,196.0519,0.0011
346.8166,18.2754,9.3876,196.0519,0.0012
347.1289,18.2751,9.3876,196.0519,0.0011
347.2599,18.2750,9.3877,196.0518,0.0008
347.3915,18.2748,9.3877,196.0519,0.0010
347.5265,18.2747,9.3877,196.0520,0.0009
347.6599,18.2746,9.3877,196.0520,0.0007
347.9529,18.2744,9.3878,196.0519,0.0009
348.0616,18.2743,9.3878,196.0521,0.0010
348.1944,18.2740,9.3879,196.0496,0.0020
348.3279,18.2737,9.3879,196.0492,0.0024
348.4604,18.2734,9.3880,196.0490,0.0022
348.7764,18.2726,9.3881,196.0483,0.0025
348.9085,18.2723,9.3882,196.0481,0.0029
349.0424,18.2719,9.3883,196.0478,0.0026
349.1775,18.2715,9.3884,196.0464,0.0031
349.5481,18.0956,9.4232,199.8295,0.4869
349.6724,17.9965,9.4650,206.7861,0.8685
349.8074,17.9638,9.5004,218.5176,0.3619
349.9462,17.9473,9.4961,219.8766,0.1531
350.3358,17.9465,9.4903,219.5678,0.0185
350.4717,17.9455,9.4910,219.4633,0.0132
350.6043,17.9456,9.4909,219.4629,0.0008
350.7426,17.9457,9.4909,219.4630,0.0008
351.1653,17.9459,9.4906,219.4631,0.0008
351.3007,17.9460,9.4906,219.4632,0.0007
351.4360,17.9461,9.4905,219.4633,0.0008
351.5740,17.9462,9.4904,219.4633,0.0008
351.9976,17.9464,9.4902,219.4635,0.0008
352.1358,17.9465,9.4901,219.4636,0.0008
352.2722,17.9466,9.4900,219.4636,0.0008
352.4095,17.9467,9.4900,219.4636,0.0008
352.8075,17.9469,9.4897,219.4637,0.0008
352.9258,17.9470,9.4897,219.4637,0.0008
353.0616,17.8419,9.5820,218.7179,1.0314
353.1995,17.6621,9.7597,218.4494,1.8362
353.5898,17.1174,10.1983,217.9401,1.7924
353.7083,16.9846,10.3065,217.8401,1.4776
353.8467,16.8250,10.4465,217.8490,1.5356
353.9844,16.6644,10.5698,217.9104,1.4709
354.3490,16.5076,10.6912,217.9688,0.5440
354.4825,16.5077,10.6912,217.9686,0.0006
354.6151,16.5077,10.6911,217.9687,0.0008
354.7502,16.5078,10.6911,217.9686,0.0008
354.8860,16.5079,10.6910,217.9687,0.0009
355.2161,16.5081,10.6908,217.9686,0.0009
355.3287,16.5082,10.6907,217.9686,0.0010
355.4647,16.5083,10.6907,217.9687,0.0009
355.6016,16.5085,10.6906,217.9687,0.0011
355.9886,16.5088,10.6903,217.9688,0.0012
356.1388,16.5090,10.6901,217.9687,0.0012
356.2726,16.5091,10.6900,217.9689,0.0015
356.4112,16.5093,10.6899,217.9688,0.0015
356.5485,16.5094,10.6898,217.9689,0.0016
356.8584,16.5098,10.6894,217.9689,0.0016
356.9773,16.5100,10.6893,217.9689,0.0018
357.1102,16.5102,10.6892,217.9690,0.0020
357.2474,16.4867,10.7038,218.6862,0.2026
357.6713,16.1798,11.0186,239.0432,1.0370
357.8055,16.1620,11.0991,249.7674,0.6152
357.9392,16.1613,11.1385,254.7718,0.2970
358.0719,16.1604,11.1409,255.0482,0.0197
358.2049,16.1615,11.1401,255.1611,0.0105
358.5032,16.1616,11.1399,255.1564,0.0009
358.6125,16.1617,11.1395,255.1635,0.0039
358.7435,16.1618,11.1392,255.1635,0.0019
358.8739,16.1619,11.1390,255.1634,0.0023
359.2959,16.1621,11.1380,255.1631,0.0024
359.4445,16.1622,11.1376,255.1630,0.0026
359.5772,16.1623,11.1372,255.1628,0.0031
359.7111,16.1624,11.1368,255.1625,0.0032
359.8434,16.1625,11.1364,255.1622,0.0029
360.1767,16.1627,11.1362,255.1624,0.0010
360.3117,16.1628,11.1360,255.1625,0.0010
360.4449,16.1628,11.1359,255.1624,0.0010
360.5809,16.1629,11.1358,255.1623,0.0010
360.7151,16.1629,11.1356,255.1623,0.0014
361.0484,16.1631,11.1351,255.1620,0.0015
361.1585,16.1224,11.1621,259.1840,0.4581
361.2899,16.0941,11.2034,272.3784,0.3886
361.4219,16.0979,11.2102,286.3140,0.0597
361.5667,16.0987,11.2304,295.7932,0.1405
361.8934,16.0987,11.2313,295.9948,0.0026
362.0294,16.0992,11.2315,295.9845,0.0038
362.1663,16.1001,11.2333,295.9166,0.0152
362.3007,16.1000,11.2329,295.9165,0.0032
362.7224,16.0993,11.2314,295.9163,0.0039
362.8626,16.0991,11.2309,295.9161,0.0043
362.9944,16.0988,11.2303,295.9160,0.0048
363.1305,16.0985,11.2297,295.9159,0.0049
363.5524,16.0980,11.2290,295.9162,0.0020
363.7024,16.0980,11.2289,295.9165,0.0009
363.8331,16.0979,11.2288,295.9165,0.0011
363.9669,16.0978,11.2287,295.9164,0.0011
364.3356,16.0976,11.2283,295.9163,0.0011
364.4801,16.0976,11.2281,295.9163,0.0012
364.6118,16.0975,11.2280,295.9163,0.0015
364.7440,16.0974,11.2278,295.9164,0.0013
365.1659,16.1269,11.2892,295.9443,0.1614
365.3082,16.2033,11.4414,296.0316,1.1979
365.4498,16.3140,11.6694,296.0224,1.7906
365.5837,16.4108,11.8658,296.0048,1.6347
365.7165,16.5218,12.0947,295.9929,1.9151
365.9862,16.7443,12.5513,296.0031,1.8837
366.1307,16.8547,12.7794,295.9830,1.7535
366.2593,16.9494,12.9746,296.0094,1.6870
366.3944,17.0610,13.2047,295.9940,1.8924
366.8165,17.3937,13.8865,296.0067,1.7973
366.9770,17.4505,13.9989,295.9584,0.7859
367.1088,17.4508,13.9993,295.9610,0.0033
367.2403,17.4509,13.9995,295.9609,0.0021
367.3720,17.4510,13.9997,295.9611,0.0018
367.6602,17.4510,13.9997,295.9609,0.0000
367.8145,17.4510,13.9997,295.9608,0.0000
367.9452,17.4510,13.9997,295.9609,0.0000
368.0788,17.4510,13.9997,295.9609,0.0000
368.2112,17.4510,13.9997,295.9609,0.0000
368.5287,17.4510,13.9997,295.9609,0.0000
368.6737,17.4510,13.9997,295.9609,0.0000
368.8064,17.4510,13.9997,295.9609,0.0000
368.9374,17.4510,13.9997,295.9609,0.0000
369.3588,17.4510,13.9997,295.9609,0.0000
369.5199,17.4510,13.9997,295.9609,0.0000
369.6497,17.4510,13.9997,295.9609,0.0000
369.7824,17.4510,13.9997,295.9610,0.0000
369.9156,17.5004,14.0812,295.3160,0.7166
370.1925,17.6931,14.4213,285.2478,1.4118
370.3372,17.7070,14.5505,276.3812,0.8977
370.4655,17.7067,14.6056,270.6697,0.4318
370.5952,17.7068,14.6066,270.5760,0.0081
371.0136,17.7068,14.6065,270.5740,0.0004
371.1570,17.7068,14.6064,270.5739,0.0007
371.2846,17.7068,14.6063,270.5739,0.0005
371.4122,17.7068,14.6062,270.5740,0.0005
371.8309,17.7068,14.6060,270.5740,0.0005
371.9737,17.7068,14.6059,270.5740,0.0006
372.1000,17.7068,14.6059,270.5738,0.0006
372.2302,17.7068,14.6058,270.5740,0.0007
372.3575,17.7068,14.6057,270.5740,0.0007
372.6865,17.7068,14.6054,270.5739,0.0008
372.8083,17.7068,14.6053,270.5739,0.0009
372.9358,17.7068,14.6052,270.5739,0.0009
373.0633,17.7068,14.6051,270.5740,0.0009
373.4831,17.7068,14.6046,270.5740,0.0010
373.6275,17.7082,14.6883,270.5828,0.5799
373.7551,17.7123,14.8313,267.3044,1.1223
373.8869,17.7211,15.0010,259.7655,1.2917
374.3082,17.7193,15.0220,259.2396,0.0499
374.4688,17.7193,15.0219,259.2397,0.0003
374.5973,17.7193,15.0219,259.2395,0.0003
374.7284,17.7194,15.0219,259.2396,0.0003
375.1486,17.7194,15.0217,259.2397,0.0003
375.2823,17.7194,15.0217,259.2396,0.0004
375.4102,17.7194,15.0216,259.2396,0.0005
375.5401,17.7194,15.0216,259.2397,0.0004
375.6716,17.7195,15.0215,259.2396,0.0005
376.0049,17.7195,15.0213,259.2396,0.0005
376.1312,17.7195,15.0213,259.2396,0.0005
376.2631,17.7195,15.0212,259.2397,0.0004
376.3965,17.7195,15.0212,259.2397,0.0006
376.5265,17.7196,15.0211,259.2396,0.0006
376.8193,17.7196,15.0209,259.2394,0.0006
376.9639,17.7196,15.0208,259.2397,0.0007
377.0942,17.7171,15.0327,259.1999,0.0935
377.2249,17.7169,15.2037,255.4057,1.3098
377.6429,17.5982,15.6683,227.0794,1.1472
377.9019,17.5424,15.7966,220.6401,0.5459
378.0430,17.5398,15.7863,220.5393,0.0894
378.1787,17.5380,15.7879,220.5419,0.0180
378.6013,17.5325,15.7938,220.5470,0.0197
378.7587,17.5304,15.7957,220.5350,0.0182
378.8931,17.5290,15.7971,220.5338,0.0157
379.0289,17.5274,15.7988,220.5383,0.0171
379.4531,17.5234,15.8026,220.5496,0.0132
379.6133,17.5216,15.8043,220.5514,0.0156
379.7470,17.5200,15.8058,220.5555,0.0164
379.8839,17.5188,15.8072,220.5676,0.0146
380.0213,17.5171,15.8090,220.5883,0.0179
380.2641,17.5139,15.8124,220.6270,0.0198
380.4019,17.5119,15.8148,220.6498,0.0235
380.5375,17.5095,15.8173,220.6759,0.0263
380.6740,17.5070,15.8201,220.7087,0.0286
381.0615,17.5008,15.8265,220.7651,0.0240
381.2060,17.4984,15.8288,220.8077,0.0231
381.3404,17.4146,15.9070,221.2991,0.8643
381.4777,17.2068,16.0602,221.4388,1.8913
381.6145,17.0081,16.2184,221.0606,1.8572
381.9188,16.6625,16.5428,220.3072,1.5640
382.0893,16.4657,16.7191,220.5497,1.5703
382.2238,16.3066,16.8553,220.7794,1.5579
382.3622,16.1093,17.0243,220.8411,1.8777
382.5000,15.9117,17.1950,221.0876,1.8960
382.7854,15.5062,17.5476,221.2148,1.8829
382.9432,15.4369,17.6179,220.7099,0.6253
383.0756,15.4392,17.6084,220.7083,0.0933
383.2094,15.4407,17.6037,220.7120,0.0444
383.6329,15.4404,17.6026,220.7072,0.0038
383.7775,15.4404,17.6026,220.7075,0.0000
383.9104,15.4404,17.6026,220.7076,0.0000
384.0459,15.4404,17.6026,220.7074,0.0000
384.1800,15.4404,17.6026,220.7074,0.0000
384.4907,15.4404,17.6026,220.7074,0.0000
384.6199,15.4404,17.6026,220.7075,0.0000
384.7572,15.4404,17.6026,220.7075,0.0000
384.8935,15.4404,17.6026,220.7075,0.0000
385.0288,15.4404,17.6026,220.7074,0.0000
385.3218,15.4404,17.6026,220.7075,0.0000
385.4636,15.4404,17.6026,220.7075,0.0000
385.5998,15.4404,17.6026,220.7075,0.0000
385.7364,15.4404,17.6026,220.7075,0.0000
386.1604,15.4404,17.6026,220.7075,0.0000
386.3073,15.4404,17.6026,220.7074,0.0000
386.4403,15.4404,17.6026,220.7074,0.0000
386.5756,15.4405,17.5986,220.1743,0.0666
386.7123,15.3946,17.5841,219.8064,0.4377
387.0157,15.3764,17.7037,237.8110,0.4064
387.1916,15.3612,17.8200,244.5596,0.7794
387.3208,15.3596,17.8319,244.5530,0.1157
387.4509,15.3595,17.8312,244.5704,0.0057
387.5832,15.3595,17.8311,244.5703,0.0004
387.8712,15.3596,17.8310,244.5706,0.0004
388.0239,15.3596,17.8310,244.5705,0.0003
388.1537,15.3596,17.8310,244.5706,0.0003
388.2850,15.3596,17.8309,244.5705,0.0003
388.4145,15.3596,17.8309,244.5706,0.0002
388.7478,15.3597,17.8308,244.5705,0.0002
388.9019,15.3597,17.8308,244.5707,0.0005
389.0316,15.3597,17.8307,244.5707,0.0006
389.1610,15.3598,17.8306,244.5707,0.0005
389.5820,15.3599,17.8305,244.5708,0.0005
389.7404,15.3599,17.8304,244.5709,0.0006
389.8705,15.3599,17.8303,244.5709,0.0009
389.9993,15.3600,17.8302,244.5708,0.0007
390.1302,15.3600,17.8301,244.5710,0.0007
390.4634,15.3601,17.8299,244.5712,0.0007
390.5879,15.3602,17.8298,244.5711,0.0010
390.7174,15.3602,17.8297,244.5712,0.0008
390.8488,15.3603,17.8295,244.5713,0.0012
390.9790,15.3197,17.9146,244.5671,0.7258
391.3081,15.0496,18.4756,244.5755,1.8917
391.4440,14.9525,18.6789,244.5680,1.6586
391.5760,14.8375,18.9168,244.4271,2.0019
391.7079,14.7214,19.1561,244.3675,2.0168
392.1295,14.3778,19.8655,244.2443,1.8692
392.2372,14.2975,20.0326,244.3209,1.7223
